"Status","Start Time","Stop Time","Duration in ms","Parent Suite","Suite","Sub Suite","Test Class","Test Method","Name","Description"
"skipped","Mon Aug 24 08:35:53 UTC 2026","Mon Aug 24 08:36:36 UTC 2026","43177","","provider-portal/care-team-worklist/interaction-week3.spec.ts","Interaction - Week 3 RTM","","","should filter Week 3 list by care manager",""
"passed","Mon Aug 24 08:29:22 UTC 2026","Mon Aug 24 08:31:45 UTC 2026","143598","","provider-portal/provider-worklist/alert-resolved-color.spec.ts","Resolved alert is green in Care Team Worklist (AUT_PW_RES_003)","","","Resolved status badge renders in a green-dominant color",""
"failed","Mon Aug 24 08:26:52 UTC 2026","Mon Aug 24 08:27:27 UTC 2026","35628","","provider-portal/enrollment-billing/rpm-billing-workflow.spec.ts","Enrollment Billing — RPM Workflow","","","2. End-to-end report — single patient PDF",""
"failed","Mon Aug 24 08:33:05 UTC 2026","Mon Aug 24 08:35:08 UTC 2026","122768","","provider-portal/documents/documents-full-workflow.spec.ts","Document - Count Update on Assign","","","AUT_DOC_019 - Verify document count increases after upload and assignment",""
"passed","Mon Aug 24 08:39:55 UTC 2026","Mon Aug 24 08:40:24 UTC 2026","29016","","provider-portal/patient-wallet/patient-monitoring.spec.ts","Patient Wallet - Patient Monitoring","","","should display timer with initial value",""
"passed","Mon Aug 24 08:33:38 UTC 2026","Mon Aug 24 08:34:56 UTC 2026","78690","","provider-portal/patient-wallet/patient-monitoring.spec.ts","Patient Wallet - Patient Monitoring","","","should open Patient Wallet with Monitoring tab as default",""
"passed","Mon Aug 24 08:44:45 UTC 2026","Mon Aug 24 08:45:22 UTC 2026","36377","","provider-portal/library/care-plan.spec.ts","Care Plan Flow","","","should add 5+ questions with different types to a single section",""
"failed","Mon Aug 24 08:35:28 UTC 2026","Mon Aug 24 08:35:39 UTC 2026","11490","","provider-portal/settings/profile.spec.ts","Settings - Profile Tab","","","should display all profile fields correctly",""
"passed","Mon Aug 24 08:37:24 UTC 2026","Mon Aug 24 08:37:41 UTC 2026","17072","","provider-portal/patient-wallet/patient-monitoring.spec.ts","Patient Wallet - Patient Monitoring","","","should display New button and Text Message button",""
"failed","Mon Aug 24 08:34:51 UTC 2026","Mon Aug 24 08:35:22 UTC 2026","31584","","provider-portal/monitoring/billing-enrollments-paid-status-workflow.spec.ts","Billing > Enrollments — paid-status workflow","","","update paid status E2E — clicking Update + marking as ""Unpaid"" flips row and surfaces success toast",""
"passed","Mon Aug 24 08:44:22 UTC 2026","Mon Aug 24 08:44:37 UTC 2026","14937","","provider-portal/task/task-view-filter.spec.ts","Task - View, Filter, Sort, Search & Pagination","","","AUT_TSK_029 - should verify DUE DATE column displays valid date format",""
"passed","Mon Aug 24 08:25:12 UTC 2026","Mon Aug 24 08:25:45 UTC 2026","32046","","provider-portal/enrollment/EnrollmentFilterScenarios.spec.ts","Enrollment Filter Scenarios","","","3. Verify filter by Program (RPM/RTM/CCM) - Patients filtered correctly by program type",""
"passed","Mon Aug 24 08:47:46 UTC 2026","Mon Aug 24 08:48:19 UTC 2026","33402","","provider-portal/task/task-reminder-notification.spec.ts","Task - Reminders & Notifications","","","AUT_TSK_059 - Verify task with reminder shows correct task details in list",""
"skipped","Mon Aug 24 08:35:09 UTC 2026","Mon Aug 24 08:35:53 UTC 2026","43714","","provider-portal/care-team-worklist/interaction-week3.spec.ts","Interaction - Week 3 RTM","","","should search for patient by name in Week 3 list",""
"passed","Mon Aug 24 08:50:38 UTC 2026","Mon Aug 24 08:51:02 UTC 2026","24051","","provider-portal/documents/documents-full-workflow.spec.ts","Document Library - Upload","","","AUT_DOC_001 - E2E Document Upload - Upload to Education folder with all fields, verify in correct folder",""
"passed","Mon Aug 24 08:27:36 UTC 2026","Mon Aug 24 08:27:55 UTC 2026","19322","","provider-portal/global-features/search.spec.ts","Global Search","","","should display patient list when searching by first name",""
"passed","Mon Aug 24 08:30:50 UTC 2026","Mon Aug 24 08:31:24 UTC 2026","34405","","provider-portal/alerts/alerts.spec.ts","Alerts - Escalate to Provider","","","should escalate an alert to provider",""
"passed","Mon Aug 24 08:39:06 UTC 2026","Mon Aug 24 08:39:14 UTC 2026","7556","","provider-portal/task/task-view-filter.spec.ts","Task - View, Filter, Sort, Search & Pagination","","","AUT_TSK_020 - should display correct options in action filter dropdown",""
"skipped","Mon Aug 24 08:54:06 UTC 2026","Mon Aug 24 08:54:06 UTC 2026","3","","provider-portal/patient-wallet/care-plan-workflow.spec.ts","Patient Wallet - Care Plan Review, Progress & Export","","","AUT_CP_028 - should navigate Care Plan Progress pagination via next and previous arrows",""
"passed","Mon Aug 24 08:38:03 UTC 2026","Mon Aug 24 08:38:18 UTC 2026","14882","","provider-portal/monitoring/monitoring-01-no-data.spec.ts","Monitoring - No Data","","","should search for a patient by name in No Data list",""
"passed","Mon Aug 24 08:38:56 UTC 2026","Mon Aug 24 08:39:18 UTC 2026","22905","","provider-portal/settings/unity-users.spec.ts","Settings - Unity Users Tab","","","should validate email format on Add Unity User",""
"passed","Mon Aug 24 08:45:56 UTC 2026","Mon Aug 24 08:47:46 UTC 2026","110102","","provider-portal/task/task-reminder-notification.spec.ts","Task - Reminders & Notifications","","","AUT_TSK_058 - Verify provider receives notification when task with reminder is created",""
"passed","Mon Aug 24 08:29:02 UTC 2026","Mon Aug 24 08:29:35 UTC 2026","32448","","provider-portal/library/template-crud.spec.ts","Template CRUD Flow","","","should verify Send Consent checkbox reveals Consent Forms dropdown",""
"skipped","Mon Aug 24 08:34:22 UTC 2026","Mon Aug 24 08:35:09 UTC 2026","46904","","provider-portal/care-team-worklist/interaction-week3.spec.ts","Interaction - Week 3 RTM","","","should send App chat to patient from Week 3",""
"passed","Mon Aug 24 08:24:16 UTC 2026","Mon Aug 24 08:24:49 UTC 2026","33137","","provider-portal/enrollment/enrollments.spec.ts","Provider Portal Enrollments","","","should navigate to enrollments and open add enrollment form",""
"passed","Mon Aug 24 08:47:12 UTC 2026","Mon Aug 24 08:47:32 UTC 2026","20078","","provider-portal/patient-wallet/patient-monitoring.spec.ts","Patient Wallet - Patient Monitoring","","","should display TOTAL TIME value",""
"passed","Mon Aug 24 08:45:58 UTC 2026","Mon Aug 24 08:46:23 UTC 2026","24886","","provider-portal/library/care-plan.spec.ts","Care Plan Flow","","","should search and filter care plans by title",""
"failed","Mon Aug 24 08:36:29 UTC 2026","Mon Aug 24 08:36:52 UTC 2026","22577","","provider-portal/settings/unity-users.spec.ts","Settings - Unity Users Tab","","","should search for a user by name and show filtered results",""
"failed","Mon Aug 24 08:35:52 UTC 2026","Mon Aug 24 08:36:16 UTC 2026","23931","","provider-portal/care-team-worklist/interaction.spec.ts","Interaction - RTM (Dynamic Week)","","","should filter by care manager",""
"passed","Mon Aug 24 08:42:57 UTC 2026","Mon Aug 24 08:43:42 UTC 2026","44609","","provider-portal/task/task-reminder-notification.spec.ts","Task - Reminders & Notifications","","","AUT_TSK_052 - Verify reminder triggers with 5 Days before due date",""
"passed","Mon Aug 24 08:43:22 UTC 2026","Mon Aug 24 08:44:27 UTC 2026","65527","","provider-portal/task/task-reassignment.spec.ts","Task - Reassignment","","","AUT_TSK_080 - E2E Task Reassignment - Reassign task to another provider with note",""
"failed","Mon Aug 24 08:50:41 UTC 2026","Mon Aug 24 08:51:14 UTC 2026","32520","","provider-portal/settings/unity-users.spec.ts","Settings - Unity Users Tab","","","should prevent deleted provider from logging in",""
"passed","Mon Aug 24 08:50:27 UTC 2026","Mon Aug 24 08:50:38 UTC 2026","11342","","provider-portal/documents/documents-full-workflow.spec.ts","Document - Unsupported Format Validation","","","AUT_DOC_008 - Verify unsupported file format validation (.xlsx rejected)",""
"failed","Mon Aug 24 09:47:43 UTC 2026","Mon Aug 24 09:50:03 UTC 2026","139644","","provider-portal/monitoring/monitoring-03-alerts.spec.ts","Monitoring - Alerts","","","should display previous resolution notes in View Resolved Note",""
"passed","Mon Aug 24 08:45:22 UTC 2026","Mon Aug 24 08:45:35 UTC 2026","13454","","provider-portal/library/care-plan.spec.ts","Care Plan Flow","","","should show validation errors when mandatory fields are empty",""
"passed","Mon Aug 24 08:39:34 UTC 2026","Mon Aug 24 08:39:47 UTC 2026","12464","","provider-portal/alerts/alerts.spec.ts","Alerts - View Resolved Note & Action Menu State","","","should display resolution note when clicking View Resolved Note",""
"failed","Mon Aug 24 08:34:41 UTC 2026","Mon Aug 24 08:35:13 UTC 2026","31796","","provider-portal/monitoring/billing-enrollments-claim-workflow.spec.ts","Billing > Enrollments — claim workflow","","","mandatory validation — submitting with only Claim Number filled blocks submission and surfaces the right message(s)",""
"passed","Mon Aug 24 08:42:41 UTC 2026","Mon Aug 24 08:42:57 UTC 2026","15781","","provider-portal/task/task-reminder-notification.spec.ts","Task - Reminders & Notifications","","","AUT_TSK_051 - Verify reminder interval options - Reminder Before dropdown has correct options",""
"passed","Mon Aug 24 08:41:01 UTC 2026","Mon Aug 24 08:41:45 UTC 2026","43923","","provider-portal/patient-wallet/care-plan-workflow.spec.ts","Patient Wallet - Care Plan Form Operations","","","AUT_CP_008 - should close the assign form on Cancel and preserve previously assigned data",""
"passed","Mon Aug 24 08:43:27 UTC 2026","Mon Aug 24 08:44:09 UTC 2026","41755","","provider-portal/task/task-recurring.spec.ts","Task - Recurring Tasks","","","AUT_TSK_072 - E2E Recurring Task Creation - Monthly recurrence",""
"skipped","Mon Aug 24 08:34:41 UTC 2026","Mon Aug 24 08:34:41 UTC 2026","7","","provider-portal/care-team-worklist/interaction-week1.spec.ts","Interaction - Week 1 RTM","","","should verify patient remains in Week 1 with partial activities",""
"passed","Mon Aug 24 08:30:34 UTC 2026","Mon Aug 24 08:31:46 UTC 2026","71809","","provider-portal/patient-wallet/patient-chart.spec.ts","Provider Portal Patient Chart","","","should add vital, review it in work list and verify reviewed status",""
"skipped","Mon Aug 24 08:34:41 UTC 2026","Mon Aug 24 08:34:41 UTC 2026","8","","provider-portal/care-team-worklist/interaction-week1.spec.ts","Interaction - Week 1 RTM","","","should complete Exercise Program activity with manual time entry logged",""
"passed","Mon Aug 24 08:23:56 UTC 2026","Mon Aug 24 08:24:30 UTC 2026","33420","","provider-portal/care-team-worklist/interaction-bulk.spec.ts","Interaction - Bulk Operations RTM","","","should send bulk App Chat message to selected patients",""
"passed","Mon Aug 24 08:42:46 UTC 2026","Mon Aug 24 08:43:27 UTC 2026","41050","","provider-portal/documents/documents-full-workflow.spec.ts","Document - No Cross-Contamination","","","AUT_DOC_015 - Verify documents do not cross-contaminate between folders",""
"passed","Mon Aug 24 08:32:40 UTC 2026","Mon Aug 24 08:34:11 UTC 2026","90483","","provider-portal/patient-wallet/patient-medical-history-workflow.spec.ts","Patient Wallet - Medical History Full Workflow","","","AUT_PT_MH_001 - Complete Medical History workflow in patient chart (11 scenarios)",""
"passed","Mon Aug 24 08:29:54 UTC 2026","Mon Aug 24 08:30:12 UTC 2026","17927","","provider-portal/global-features/search.spec.ts","Global Search","","","should navigate to patient chart when selecting a patient from search results",""
"passed","Mon Aug 24 08:30:43 UTC 2026","Mon Aug 24 08:31:04 UTC 2026","21162","","provider-portal/library/library-cross-portal-workflows.spec.ts","Library — Cross-Portal Data Flow Workflows","","","2. ICD code attached to condition persists across edit and view",""
"passed","Mon Aug 24 08:44:35 UTC 2026","Mon Aug 24 08:44:45 UTC 2026","10743","","provider-portal/library/care-plan.spec.ts","Care Plan Flow","","","should cancel care plan deletion and verify it remains",""
"skipped","Mon Aug 24 08:30:24 UTC 2026","Mon Aug 24 08:30:24 UTC 2026","1","","provider-portal/provider-worklist/alerts-rows-per-page.spec.ts","Rows-per-page dropdown changes record display (AUT_PW_PAG_001)","","","Selecting a different rows-per-page value updates the visible row count",""
"passed","Mon Aug 24 08:28:59 UTC 2026","Mon Aug 24 08:29:15 UTC 2026","16820","","provider-portal/global-features/search.spec.ts","Global Search","","","should find patient when searching by full phone number",""
"passed","Mon Aug 24 08:44:26 UTC 2026","Mon Aug 24 08:44:55 UTC 2026","29364","","provider-portal/settings/unity-users.spec.ts","Settings - Unity Users Tab","","","should validate mandatory fields on Edit form",""
"failed","Mon Aug 24 08:31:33 UTC 2026","Mon Aug 24 08:31:57 UTC 2026","23904","","provider-portal/library/library-cross-portal-workflows.spec.ts","Library — Cross-Portal Data Flow Workflows","","","3. SMS template created in admin library is usable on patient chart for SMS send",""
"passed","Mon Aug 24 08:28:28 UTC 2026","Mon Aug 24 08:28:43 UTC 2026","14444","","provider-portal/global-features/search.spec.ts","Global Search","","","should display patient list when searching by date of birth",""
"passed","Mon Aug 24 08:39:21 UTC 2026","Mon Aug 24 08:39:54 UTC 2026","32966","","provider-portal/patient-wallet/patient-monitoring.spec.ts","Patient Wallet - Patient Monitoring","","","should display send icon that activates when message is typed",""
"skipped","Mon Aug 24 08:32:59 UTC 2026","Mon Aug 24 08:32:59 UTC 2026","0","","provider-portal/provider-worklist/monitoring-date-filter-persists.spec.ts","Date filter persists across Program tab switch (AUT_PW_FLT_003)","","","Date set on RTM persists after switching to RPM and back to RTM",""
"passed","Mon Aug 24 08:36:26 UTC 2026","Mon Aug 24 08:37:10 UTC 2026","43802","","provider-portal/monitoring/monitoring-01-no-data.spec.ts","Monitoring - No Data","","","should send App chat to patient and verify count increments",""
"passed","Mon Aug 24 08:26:57 UTC 2026","Mon Aug 24 08:27:24 UTC 2026","26965","","provider-portal/enrollment/EnrollmentFilterScenarios.spec.ts","Enrollment Filter Scenarios","","","6. Verify filter combination: Status + Program - Correct patients displayed",""
"passed","Mon Aug 24 08:31:52 UTC 2026","Mon Aug 24 08:32:07 UTC 2026","15409","","provider-portal/alerts/alerts.spec.ts","Alerts - Patient Name Navigation","","","should navigate to patient chart when clicking patient name",""
"passed","Mon Aug 24 08:25:59 UTC 2026","Mon Aug 24 08:27:38 UTC 2026","98790","","provider-portal/patient-wallet/care-plan-workflow.spec.ts","Patient Wallet - Care Plan Workflow","","","AUT_CP_001 - should complete the full care plan workflow — assign, save with auto-timer, appear in review dropdown",""
"passed","Mon Aug 24 08:31:21 UTC 2026","Mon Aug 24 08:32:12 UTC 2026","51185","","provider-portal/care-team-worklist/interaction-week4.spec.ts","Interaction - Week 4 RTM","","","should verify multiple time entries are cumulative in Week 4",""
"failed","Mon Aug 24 08:57:32 UTC 2026","Mon Aug 24 09:00:26 UTC 2026","174411","","provider-portal/monitoring/monitoring-02-data.spec.ts","Monitoring - Data Review","","","should bulk review all patients at once",""
"passed","Mon Aug 24 08:42:08 UTC 2026","Mon Aug 24 08:43:02 UTC 2026","53971","","provider-portal/library/care-plan.spec.ts","Care Plan Flow","","","should create care plan covering all question types",""
"passed","Mon Aug 24 08:53:15 UTC 2026","Mon Aug 24 08:53:25 UTC 2026","9726","","provider-portal/settings/unity-users.spec.ts","Settings - Unity Users Tab","","","should be able to determine total provider count from user list",""
"passed","Mon Aug 24 08:47:03 UTC 2026","Mon Aug 24 08:47:27 UTC 2026","23665","","provider-portal/task/task-add.spec.ts","Task - Add Task & Validations","","","AUT_TSK_014 - Verify date format - All dates display in MM/DD/YYYY format",""
"skipped","Mon Aug 24 08:29:37 UTC 2026","Mon Aug 24 08:30:25 UTC 2026","48416","","provider-portal/care-team-worklist/interaction-week3.spec.ts","Interaction - Week 3 RTM","","","should complete Follow Up Bingo activity with time entry",""
"passed","Mon Aug 24 08:26:46 UTC 2026","Mon Aug 24 08:27:01 UTC 2026","14417","","provider-portal/alerts/alerts.spec.ts","Alerts - Status Filter","","","should show only Not Resolved alerts when Active filter is selected",""
"passed","Mon Aug 24 08:23:26 UTC 2026","Mon Aug 24 08:23:46 UTC 2026","20199","","provider-portal/alerts/alerts.spec.ts","Alerts - Navigation & Page Load","","","should display all table column headers",""
"skipped","Mon Aug 24 08:34:41 UTC 2026","Mon Aug 24 08:34:41 UTC 2026","6","","provider-portal/care-team-worklist/interaction-week1.spec.ts","Interaction - Week 1 RTM","","","should send Text message to patient from Week 1",""
"skipped","Mon Aug 24 08:28:34 UTC 2026","Mon Aug 24 08:28:41 UTC 2026","6604","","provider-portal/alerts/alerts.spec.ts","Alerts - My Alerts Checkbox","","","should filter alerts to show only my alerts when checkbox is checked",""
"passed","Mon Aug 24 08:51:31 UTC 2026","Mon Aug 24 08:51:42 UTC 2026","11825","","provider-portal/patient-wallet/patient-monitoring.spec.ts","Patient Wallet - Patient Monitoring","","","should verify patient enrollment info in header",""
"passed","Mon Aug 24 08:29:37 UTC 2026","Mon Aug 24 08:29:54 UTC 2026","16110","","provider-portal/global-features/search.spec.ts","Global Search","","","should display No Result Found message when searching with non-existent data",""
"passed","Mon Aug 24 08:50:02 UTC 2026","Mon Aug 24 08:50:17 UTC 2026","14908","","provider-portal/patient-wallet/patient-monitoring.spec.ts","Patient Wallet - Patient Monitoring","","","should open Manual Time Entries drawer",""
"passed","Mon Aug 24 08:42:39 UTC 2026","Mon Aug 24 08:43:27 UTC 2026","48272","","provider-portal/task/task-recurring.spec.ts","Task - Recurring Tasks","","","AUT_TSK_071 - E2E Recurring Task Creation - Weekly recurrence",""
"passed","Mon Aug 24 08:52:28 UTC 2026","Mon Aug 24 08:52:54 UTC 2026","25918","","provider-portal/documents/documents-full-workflow.spec.ts","Document - View and Download","","","AUT_DOC_012 - Verify document view and download workflow",""
"passed","Mon Aug 24 08:40:46 UTC 2026","Mon Aug 24 08:41:17 UTC 2026","30531","","provider-portal/patient-wallet/patient-monitoring.spec.ts","Patient Wallet - Patient Monitoring","","","should pause timer when pause button is clicked",""
"skipped","Mon Aug 24 08:54:06 UTC 2026","Mon Aug 24 08:54:06 UTC 2026","7","","provider-portal/patient-wallet/care-plan-workflow.spec.ts","Patient Wallet - Care Plan Review, Progress & Export","","","AUT_CP_017 - should add a monthly care plan update with date, time, note and persist across reload",""
"failed","Mon Aug 24 08:45:22 UTC 2026","Mon Aug 24 08:47:48 UTC 2026","145930","","provider-portal/monitoring/monitoring-03-alerts.spec.ts","Monitoring - Alerts","","","should search for a patient by name in Alerts list",""
"passed","Mon Aug 24 08:32:07 UTC 2026","Mon Aug 24 08:32:26 UTC 2026","19236","","provider-portal/alerts/alerts.spec.ts","Alerts - Patient Name Navigation","","","should navigate back to Alerts page after viewing patient chart",""
"skipped","Mon Aug 24 08:26:56 UTC 2026","Mon Aug 24 08:26:56 UTC 2026","2","","provider-portal/provider-worklist/alert-notification-on-escalation.spec.ts","Provider gets notification on escalation (AUT_PW_NOT_001)","","","Receiving provider sees a notification in the bell tray after an escalation",""
"passed","Mon Aug 24 08:44:09 UTC 2026","Mon Aug 24 08:44:24 UTC 2026","15586","","provider-portal/task/task-recurring.spec.ts","Task - Recurring Tasks","","","AUT_TSK_073 - Verify recurring task recurrence options - Daily, Weekly, Monthly",""
"passed","Mon Aug 24 08:31:43 UTC 2026","Mon Aug 24 08:32:12 UTC 2026","29156","","provider-portal/library/assessment.spec.ts","Assessment Flow","","","should delete assessment with confirmation",""
"passed","Mon Aug 24 08:29:55 UTC 2026","Mon Aug 24 08:30:23 UTC 2026","28121","","provider-portal/care-team-worklist/interaction-week4.spec.ts","Interaction - Week 4 RTM","","","should complete Won Challenge activity with time entry",""
"skipped","Mon Aug 24 08:34:19 UTC 2026","Mon Aug 24 08:34:33 UTC 2026","14079","","provider-portal/monitoring/billing-enrollments-search.spec.ts","Billing > Enrollments — search","","","search by named insurance filters the qualified list to patients with that insurance",""
"passed","Mon Aug 24 08:38:02 UTC 2026","Mon Aug 24 08:38:19 UTC 2026","17095","","provider-portal/settings/unity-users.spec.ts","Settings - Unity Users Tab","","","should add a new Unity User with mandatory fields",""
"passed","Mon Aug 24 08:24:17 UTC 2026","Mon Aug 24 08:25:00 UTC 2026","43048","","provider-portal/enrollment/EnrollmentFormVerification.spec.ts","","","","Verify Add Insurance button opens insurance form and allows adding new insurance",""
"skipped","Mon Aug 24 08:23:05 UTC 2026","Mon Aug 24 08:23:05 UTC 2026","11","","admin-portal/Library/careplanCRUD.spec.ts","Admin Portal - Care Plan CRUD","","","PCM-1: Create PCM care plan and verify on admin and provider portal",""
"passed","Mon Aug 24 08:30:48 UTC 2026","Mon Aug 24 08:31:14 UTC 2026","26545","","provider-portal/library/assessment.spec.ts","Assessment Flow","","","should create assessment and verify it displays in provider portal library",""
"passed","Mon Aug 24 08:44:41 UTC 2026","Mon Aug 24 08:46:29 UTC 2026","108538","","provider-portal/task/task-recurring.spec.ts","Task - Recurring Tasks","","","AUT_TSK_075 - Verify all recurring intervals create tasks successfully",""
"skipped","Mon Aug 24 08:29:18 UTC 2026","Mon Aug 24 08:29:18 UTC 2026","3","","provider-portal/provider-worklist/alert-escalation-resolve-via-worklist.spec.ts","Alert escalation → resolve via Provider Worklist Escalation section","","","John resolves the escalation via pencil/edit + Show Closed (steps 18-20)",""
"passed","Mon Aug 24 08:51:14 UTC 2026","Mon Aug 24 08:51:43 UTC 2026","28679","","provider-portal/settings/unity-users.spec.ts","Settings - Unity Users Tab","","","should verify Verify Email option in action menu",""
"passed","Mon Aug 24 08:45:15 UTC 2026","Mon Aug 24 08:46:04 UTC 2026","49308","","provider-portal/task/task-reassignment.spec.ts","Task - Reassignment","","","AUT_TSK_082 - Verify reassignment note requirement - Note field accepts text during edit",""
"passed","Mon Aug 24 08:36:02 UTC 2026","Mon Aug 24 08:36:29 UTC 2026","26424","","provider-portal/library/template-crud.spec.ts","Template CRUD Flow","","","should handle long content in template",""
"passed","Mon Aug 24 08:35:12 UTC 2026","Mon Aug 24 08:35:32 UTC 2026","20690","","provider-portal/patient-wallet/patient-monitoring.spec.ts","Patient Wallet - Patient Monitoring","","","should display all program tabs (RPM, RTM, CCM, PCM)",""
"passed","Mon Aug 24 08:23:23 UTC 2026","Mon Aug 24 08:24:24 UTC 2026","60731","","provider-portal/documents/documents-full-workflow.spec.ts","Document - Archive Workflow","","","AUT_DOC_010 - Verify archive and Show Archived toggle",""
"passed","Mon Aug 24 08:39:23 UTC 2026","Mon Aug 24 08:39:37 UTC 2026","14213","","provider-portal/task/task-add.spec.ts","Task - Add Task & Validations","","","AUT_TSK_003 - should show validation messages when saving Add Task form without filling required fields",""
"passed","Mon Aug 24 08:45:22 UTC 2026","Mon Aug 24 08:45:55 UTC 2026","32906","","provider-portal/settings/unity-users.spec.ts","Settings - Unity Users Tab","","","should remove user from list after delete action",""
"passed","Mon Aug 24 08:38:18 UTC 2026","Mon Aug 24 08:38:33 UTC 2026","15251","","provider-portal/monitoring/monitoring-01-no-data.spec.ts","Monitoring - No Data","","","should filter No Data list by care manager",""
"skipped","Mon Aug 24 08:30:25 UTC 2026","Mon Aug 24 08:31:12 UTC 2026","46434","","provider-portal/care-team-worklist/interaction-week3.spec.ts","Interaction - Week 3 RTM","","","should complete Follow Up Exercise Program activity with time entry",""
"passed","Mon Aug 24 08:34:57 UTC 2026","Mon Aug 24 08:35:12 UTC 2026","14355","","provider-portal/patient-wallet/patient-monitoring.spec.ts","Patient Wallet - Patient Monitoring","","","should display patient info header with name, gender, DOB, program, enrollment date",""
"passed","Mon Aug 24 08:33:20 UTC 2026","Mon Aug 24 08:33:40 UTC 2026","20431","","provider-portal/patient-wallet/care-plan-workflow.spec.ts","Patient Wallet - Care Plan List & Review","","","AUT_CP_004 - should display the selected care plan in the review view",""
"passed","Mon Aug 24 08:34:05 UTC 2026","Mon Aug 24 08:34:19 UTC 2026","13969","","provider-portal/monitoring/billing-enrollments-search.spec.ts","Billing > Enrollments — search","","","search by patient name filters the qualified list and shows that patient's billing row",""
"passed","Mon Aug 24 08:33:11 UTC 2026","Mon Aug 24 08:33:42 UTC 2026","31364","","provider-portal/library/template-crud.spec.ts","Template CRUD Flow","","","should cancel template deletion and verify template still exists",""
"passed","Mon Aug 24 08:33:18 UTC 2026","Mon Aug 24 08:33:39 UTC 2026","20999","","provider-portal/care-team-worklist/interaction-week4.spec.ts","Interaction - Week 4 RTM","","","should filter Week 4 list by care manager",""
"failed","Mon Aug 24 08:24:11 UTC 2026","Mon Aug 24 08:25:07 UTC 2026","56022","","provider-portal/patient-wallet/care-plan-review-month-filter.spec.ts","Care Plan Review — month filter scopes displayed data","","","Changing the month filter on Care Plan Review updates the displayed care plan, and reverting restores it",""
"passed","Mon Aug 24 08:42:52 UTC 2026","Mon Aug 24 08:43:39 UTC 2026","47370","","provider-portal/task/task-edit.spec.ts","Task - Edit","","","AUT_TSK_101 - Verify edit page displays all pre-filled data from existing task",""
"passed","Mon Aug 24 08:31:46 UTC 2026","Mon Aug 24 08:32:59 UTC 2026","73235","","provider-portal/provider-worklist/escalation-reason-displays.spec.ts","Escalation reason displays in Escalated Visits","","","REASON ESCALATED column shows the reason entered during escalation",""
"passed","Mon Aug 24 08:28:44 UTC 2026","Mon Aug 24 08:29:02 UTC 2026","17887","","provider-portal/library/template-crud.spec.ts","Template CRUD Flow","","","should create template and verify it displays in template list",""
"passed","Mon Aug 24 08:45:55 UTC 2026","Mon Aug 24 08:46:27 UTC 2026","31564","","provider-portal/settings/unity-users.spec.ts","Settings - Unity Users Tab","","","should deactivate a user by toggling status to Inactive",""
"passed","Mon Aug 24 08:34:46 UTC 2026","Mon Aug 24 08:34:58 UTC 2026","12022","","provider-portal/task/task-view-filter.spec.ts","Task - View, Filter, Sort, Search & Pagination","","","AUT_TSK_013 - should show OverDue tasks when OverDue filter is selected",""
"passed","Mon Aug 24 08:24:39 UTC 2026","Mon Aug 24 08:25:12 UTC 2026","33462","","provider-portal/enrollment/EnrollmentFilterScenarios.spec.ts","Enrollment Filter Scenarios","","","2. Verify filter by Status (New/Active/Closed) - Patients filtered correctly by status",""
"passed","Mon Aug 24 08:44:56 UTC 2026","Mon Aug 24 08:46:28 UTC 2026","91861","","provider-portal/documents/documents-full-workflow.spec.ts","Document Library - Tag-Based Folder Routing","","","AUT_DOC_005 - Upload documents with different tags and verify each routes to correct folder",""
"passed","Mon Aug 24 08:36:53 UTC 2026","Mon Aug 24 08:39:06 UTC 2026","133690","","provider-portal/task/task-view-filter.spec.ts","Task - View, Filter, Sort, Search & Pagination","","","AUT_TSK_019 - should verify each service filter shows only its own tasks",""
"passed","Mon Aug 24 08:26:06 UTC 2026","Mon Aug 24 08:26:16 UTC 2026","10609","","provider-portal/care-team-worklist/EnrollmentCompletion.spec.ts","Enrollment Completion Scenarios","","","Verify Introduction checkbox workflow - Send Text template to patient",""
"passed","Mon Aug 24 08:48:45 UTC 2026","Mon Aug 24 08:49:01 UTC 2026","15943","","provider-portal/patient-wallet/patient-monitoring.spec.ts","Patient Wallet - Patient Monitoring","","","should review a vital by clicking the review checkbox",""
"failed","Mon Aug 24 08:33:31 UTC 2026","Mon Aug 24 08:36:46 UTC 2026","195334","","provider-portal/monitoring/monitoring-02-data.spec.ts","Monitoring - Data Review","","","should complete data review workflow - Unreviewed to Reviewed",""
"skipped","Mon Aug 24 08:54:06 UTC 2026","Mon Aug 24 08:54:06 UTC 2026","4","","provider-portal/patient-wallet/care-plan-workflow.spec.ts","Patient Wallet - Care Plan Review, Progress & Export","","","AUT_CP_027 - should paginate the Care Plan Progress list at 10 records per page",""
"passed","Mon Aug 24 08:23:28 UTC 2026","Mon Aug 24 08:24:01 UTC 2026","32868","","provider-portal/care-team-worklist/favorite-service.spec.ts","Favorite Service Update & Persistence","","","should update favorite service and verify after re-login",""
"passed","Mon Aug 24 08:32:32 UTC 2026","Mon Aug 24 08:32:58 UTC 2026","25675","","provider-portal/library/assessment.spec.ts","Assessment Flow","","","should cancel assessment edit and verify original data remains",""
"passed","Mon Aug 24 08:30:34 UTC 2026","Mon Aug 24 08:30:50 UTC 2026","15459","","provider-portal/alerts/alerts.spec.ts","Alerts - Resolve","","","should show Resolved Date after resolving an alert",""
"passed","Mon Aug 24 08:44:27 UTC 2026","Mon Aug 24 08:45:14 UTC 2026","47154","","provider-portal/task/task-reassignment.spec.ts","Task - Reassignment","","","AUT_TSK_081 - Verify reassignment validation - Provider selection is mandatory",""
"failed","Mon Aug 24 08:32:05 UTC 2026","Mon Aug 24 08:33:14 UTC 2026","68783","","provider-portal/provider-worklist/escalation-enrollment-displays.spec.ts","Patient enrollment program displays in Escalated Visits","","","ENROLLMENT column shows the program the escalated alert belongs to (RTM)",""
"passed","Mon Aug 24 08:29:06 UTC 2026","Mon Aug 24 08:31:17 UTC 2026","130658","","provider-portal/enrollment/Modify-EnrollmentFlow.spec.ts","Provider Portal - Modify Enrollment Tests","","","Verify modify enrollment - Update Care Manager, Provider, ICD reflected in Patient 360",""
"passed","Mon Aug 24 08:29:49 UTC 2026","Mon Aug 24 08:30:42 UTC 2026","53168","","provider-portal/library/library-cross-portal-workflows.spec.ts","Library — Cross-Portal Data Flow Workflows","","","1. Care plan with Allergies + Medication is created in CCM Library",""
"passed","Mon Aug 24 08:43:51 UTC 2026","Mon Aug 24 08:45:18 UTC 2026","87671","","provider-portal/task/task-add.spec.ts","Task - Add Task & Validations","","","AUT_TSK_007 - should create tasks for each action type (Call, Message, Email, SMS) and verify in list",""
"skipped","Mon Aug 24 08:23:05 UTC 2026","Mon Aug 24 08:23:05 UTC 2026","18","","admin-portal/Library/assessmentCRUD.spec.ts","Admin Portal - Assessment CRUD","","","Should create CCM assessment and perform CRUD operations",""
"passed","Mon Aug 24 08:34:11 UTC 2026","Mon Aug 24 08:34:46 UTC 2026","34981","","provider-portal/task/task-view-filter.spec.ts","Task - View, Filter, Sort, Search & Pagination","","","AUT_TSK_012 - should display only ToDo tasks with active task filter",""
"passed","Mon Aug 24 08:50:17 UTC 2026","Mon Aug 24 08:50:36 UTC 2026","18976","","provider-portal/patient-wallet/patient-monitoring.spec.ts","Patient Wallet - Patient Monitoring","","","should add a manual time entry",""
"passed","Mon Aug 24 08:52:15 UTC 2026","Mon Aug 24 08:52:31 UTC 2026","16153","","provider-portal/patient-wallet/patient-monitoring.spec.ts","Patient Wallet - Patient Monitoring","","","should verify resolved alert reflects in Monitoring tab",""
"failed","Mon Aug 24 08:46:06 UTC 2026","Mon Aug 24 08:48:58 UTC 2026","171967","","provider-portal/monitoring/monitoring-02-data.spec.ts","Monitoring - Data Review","","","should review vitals from Action button",""
"passed","Mon Aug 24 08:39:59 UTC 2026","Mon Aug 24 08:40:09 UTC 2026","9592","","provider-portal/settings/profile.spec.ts","Settings - Profile Tab","","","should auto-populate all fields when Edit Profile is opened",""
"failed","Mon Aug 24 09:33:35 UTC 2026","Mon Aug 24 09:35:58 UTC 2026","143071","","provider-portal/monitoring/monitoring-03-alerts.spec.ts","Monitoring - Alerts","","","should resolve alert from Action button",""
"passed","Mon Aug 24 08:47:12 UTC 2026","Mon Aug 24 08:47:41 UTC 2026","29122","","provider-portal/task/task-recurring.spec.ts","Task - Recurring Tasks","","","AUT_TSK_077 - Verify recurring task assigned to logged-in user appears under My Tasks",""
"skipped","Mon Aug 24 08:36:17 UTC 2026","Mon Aug 24 08:36:17 UTC 2026","1","","provider-portal/care-team-worklist/interaction.spec.ts","Interaction - RTM (Dynamic Week)","","","should verify total time logged is non-zero",""
"passed","Mon Aug 24 08:47:32 UTC 2026","Mon Aug 24 08:47:45 UTC 2026","12714","","provider-portal/patient-wallet/patient-monitoring.spec.ts","Patient Wallet - Patient Monitoring","","","should display Manual Time Entries button",""
"passed","Mon Aug 24 08:44:55 UTC 2026","Mon Aug 24 08:45:22 UTC 2026","26810","","provider-portal/settings/unity-users.spec.ts","Settings - Unity Users Tab","","","should delete a Unity User and verify removal from list",""
"passed","Mon Aug 24 08:40:30 UTC 2026","Mon Aug 24 08:41:44 UTC 2026","74335","","provider-portal/library/care-plan.spec.ts","Care Plan Flow","","","should create a care plan with all sections and verify it in the list",""
"passed","Mon Aug 24 08:45:24 UTC 2026","Mon Aug 24 08:45:40 UTC 2026","15892","","provider-portal/task/task-view-filter.spec.ts","Task - View, Filter, Sort, Search & Pagination","","","AUT_TSK_033 - should load more records on scroll (lazy loading)",""
"passed","Mon Aug 24 08:34:57 UTC 2026","Mon Aug 24 08:35:11 UTC 2026","13758","","provider-portal/monitoring/billing-enrollments-search.spec.ts","Billing > Enrollments — search","","","typing an invalid patient name (""Zzznotarealpatient9999"") shows ""No data found."" and empties the list",""
"failed","Mon Aug 24 09:20:13 UTC 2026","Mon Aug 24 09:23:01 UTC 2026","167723","","provider-portal/monitoring/monitoring-02-data.spec.ts","Monitoring - Data Review","","","should send App chat to patient from Data section",""
"skipped","Mon Aug 24 08:31:15 UTC 2026","Mon Aug 24 08:31:28 UTC 2026","12632","","provider-portal/monitoring/billing-enrollments-filters.spec.ts","Billing > Enrollments — filters","","","insurance filter — typing a named insurance shows only matching rows",""
"passed","Mon Aug 24 08:36:40 UTC 2026","Mon Aug 24 08:36:47 UTC 2026","6872","","provider-portal/documents/documents-full-workflow.spec.ts","Document - Folder CRUD","","","AUT_DOC_017 - Verify folder create, update, delete capability",""
"passed","Mon Aug 24 08:36:17 UTC 2026","Mon Aug 24 08:37:24 UTC 2026","67293","","provider-portal/patient-wallet/patient-monitoring.spec.ts","Patient Wallet - Patient Monitoring","","","should type and submit a global comment",""
"passed","Mon Aug 24 08:42:08 UTC 2026","Mon Aug 24 08:42:29 UTC 2026","20970","","provider-portal/patient-wallet/patient-monitoring.spec.ts","Patient Wallet - Patient Monitoring","","","should display all action buttons (Response Library, Escalate, Assign Enrollment, Send)",""
"failed","Mon Aug 24 08:33:35 UTC 2026","Mon Aug 24 08:34:07 UTC 2026","32111","","provider-portal/monitoring/billing-enrollments-paid-status-workflow.spec.ts","Billing > Enrollments — paid-status workflow","","","update paid status E2E — clicking Update + marking as ""Paid"" flips row and surfaces success toast",""
"passed","Mon Aug 24 08:23:10 UTC 2026","Mon Aug 24 08:23:55 UTC 2026","44962","","provider-portal/care-team-worklist/interaction-bulk.spec.ts","Interaction - Bulk Operations RTM","","","should send bulk Reach Out text message to selected patients",""
"passed","Mon Aug 24 08:41:11 UTC 2026","Mon Aug 24 08:41:54 UTC 2026","43730","","provider-portal/task/task-delete.spec.ts","Task - Delete","","","AUT_TSK_111 - Verify delete confirmation prompt displays before deletion",""
"passed","Mon Aug 24 08:44:25 UTC 2026","Mon Aug 24 08:44:41 UTC 2026","16226","","provider-portal/task/task-recurring.spec.ts","Task - Recurring Tasks","","","AUT_TSK_074 - Verify Recurring Task checkbox toggle on and off",""
"skipped","Mon Aug 24 08:30:12 UTC 2026","Mon Aug 24 08:30:55 UTC 2026","43491","","provider-portal/care-team-worklist/interaction-week2.spec.ts","Interaction - Week 2 RTM","","","should send App chat to patient from Week 2",""
"passed","Mon Aug 24 08:34:17 UTC 2026","Mon Aug 24 08:34:34 UTC 2026","16481","","provider-portal/care-team-worklist/interaction.spec.ts","Interaction - RTM (Dynamic Week)","","","should verify week progression or cycle completion",""
"failed","Mon Aug 24 08:27:46 UTC 2026","Mon Aug 24 08:29:17 UTC 2026","90626","","provider-portal/provider-worklist/alert-escalation-resolve-via-worklist.spec.ts","Alert escalation → resolve via Provider Worklist Escalation section","","","CM → VATE → John, John resolves via Escalation-section pencil + Show Closed",""
"passed","Mon Aug 24 08:33:29 UTC 2026","Mon Aug 24 08:37:31 UTC 2026","242012","","provider-portal/patient-wallet/patient-monitoring-workflow.spec.ts","Patient Wallet - Patient Monitoring Full Workflow","","","AUT_PT_MON_001 - Complete Patient Monitoring workflow (34 scenarios)",""
"failed","Mon Aug 24 08:29:07 UTC 2026","Mon Aug 24 08:29:25 UTC 2026","17779","","provider-portal/library/template-cross-module-sync.spec.ts","Cross-Module: Admin Template → Provider SEND TEXT MESSAGE dropdown (AUT_CROSS_003)","","","Admin template per service appears in provider SEND TEXT MESSAGE dropdown across bulk, row-action, and chart entry points",""
"passed","Mon Aug 24 08:25:01 UTC 2026","Mon Aug 24 08:25:58 UTC 2026","57087","","provider-portal/enrollment/EnrollmentFormVerification.spec.ts","","","","Verify Care Manager assignment and multi-diagnoses selection in Enrollment form",""
"failed","Mon Aug 24 08:34:23 UTC 2026","Mon Aug 24 08:35:27 UTC 2026","64055","","provider-portal/provider-worklist/provider-views-received-escalations.spec.ts","Provider views escalations received from other providers","","","Provider (John) sees escalations escalated to him by other providers",""
"failed","Mon Aug 24 08:27:20 UTC 2026","Mon Aug 24 08:28:14 UTC 2026","53697","","provider-portal/care-team-worklist/EnrollmentCompletion.spec.ts","Enrollment Completion Scenarios","","","Verify Condition and Insurance checkboxes are checked for newly created and enrolled patient",""
"failed","Mon Aug 24 08:34:42 UTC 2026","Mon Aug 24 08:38:18 UTC 2026","215416","","provider-portal/patient-wallet/patient-documents-workflow.spec.ts","Patient Wallet - Documents Full Workflow","","","AUT_PT_DOC_001 - Complete document workflow in patient chart (13 scenarios)",""
"passed","Mon Aug 24 08:35:34 UTC 2026","Mon Aug 24 08:36:02 UTC 2026","28679","","provider-portal/library/template-crud.spec.ts","Template CRUD Flow","","","should handle special characters in template name and content",""
"skipped","Mon Aug 24 08:41:49 UTC 2026","Mon Aug 24 08:41:49 UTC 2026","6","","provider-portal/provider-worklist/resolution-note-sync.spec.ts","Resolution note syncs across worklist views","","","Note written when resolving the escalation in the Provider Worklist appears in the Care Team Worklist",""
"passed","Mon Aug 24 08:43:42 UTC 2026","Mon Aug 24 08:44:16 UTC 2026","34392","","provider-portal/task/task-reminder-notification.spec.ts","Task - Reminders & Notifications","","","AUT_TSK_053 - Verify reminder triggers with 10 Days before due date",""
"passed","Mon Aug 24 08:31:46 UTC 2026","Mon Aug 24 08:33:29 UTC 2026","103181","","provider-portal/patient-wallet/patient-chart.spec.ts","Provider Portal Patient Chart","","","should add Pain Scale vital from chart and verify in monitoring Data bucket",""
"passed","Mon Aug 24 08:49:29 UTC 2026","Mon Aug 24 08:49:47 UTC 2026","17471","","provider-portal/patient-wallet/patient-monitoring.spec.ts","Patient Wallet - Patient Monitoring","","","should navigate to View All Data page",""
"passed","Mon Aug 24 08:40:16 UTC 2026","Mon Aug 24 08:41:10 UTC 2026","53193","","provider-portal/task/task-delete.spec.ts","Task - Delete","","","AUT_TSK_110 - E2E Delete Task - Delete with confirmation, verify removed from list",""
"skipped","Mon Aug 24 08:24:51 UTC 2026","Mon Aug 24 08:25:25 UTC 2026","34557","","provider-portal/alerts/alerts.spec.ts","Alerts - Search Functionality","","","should filter alerts when searching by partial name",""
"passed","Mon Aug 24 08:33:20 UTC 2026","Mon Aug 24 08:34:16 UTC 2026","55130","","provider-portal/task/task-resolution.spec.ts","Task - Resolution","","","AUT_TSK_091 - Verify resolved task displays Done status in task list",""
"passed","Mon Aug 24 08:25:09 UTC 2026","Mon Aug 24 08:27:52 UTC 2026","163493","","provider-portal/enrollment/ReEnrollmentFlow.spec.ts","","","","Verify re-enrolled patient appears in Enrollment List with New status",""
"skipped","Mon Aug 24 08:23:05 UTC 2026","Mon Aug 24 08:23:05 UTC 2026","12","","admin-portal/Library/careplanCRUD.spec.ts","Admin Portal - Care Plan CRUD","","","CCM-5: Delete care plan and verify not displayed",""
"passed","Mon Aug 24 08:35:46 UTC 2026","Mon Aug 24 08:36:23 UTC 2026","36995","","provider-portal/settings/profile.spec.ts","Settings - Profile Tab","","","should change password successfully and verify success message",""
"passed","Mon Aug 24 08:25:27 UTC 2026","Mon Aug 24 08:25:53 UTC 2026","25666","","provider-portal/alerts/alerts.spec.ts","Alerts - Search Functionality","","","should show no results when searching with non-existent name",""
"passed","Mon Aug 24 08:42:21 UTC 2026","Mon Aug 24 08:42:52 UTC 2026","31310","","provider-portal/patient-wallet/care-plan-workflow.spec.ts","Patient Wallet - Care Plan Form Operations","","","AUT_CP_012 - should open the modify form pre-populated with the assigned plan's data",""
"failed","Mon Aug 24 09:09:40 UTC 2026","Mon Aug 24 09:12:04 UTC 2026","143603","","provider-portal/monitoring/monitoring-03-alerts.spec.ts","Monitoring - Alerts","","","should escalate alert to provider from Action button",""
"skipped","Mon Aug 24 08:27:11 UTC 2026","Mon Aug 24 08:28:01 UTC 2026","49705","","provider-portal/care-team-worklist/interaction-week2.spec.ts","Interaction - Week 2 RTM","","","should complete Reach Out activity for Week 2 with time entry",""
"failed","Mon Aug 24 09:00:05 UTC 2026","Mon Aug 24 09:02:29 UTC 2026","144023","","provider-portal/monitoring/monitoring-03-alerts.spec.ts","Monitoring - Alerts","","","should send Text message to patient from Alerts section",""
"passed","Mon Aug 24 08:30:19 UTC 2026","Mon Aug 24 08:30:55 UTC 2026","35218","","provider-portal/care-team-worklist/interaction.spec.ts","Interaction - RTM (Dynamic Week)","","","should complete Reach Out activity with time entry",""
"passed","Mon Aug 24 08:28:28 UTC 2026","Mon Aug 24 08:28:44 UTC 2026","15926","","provider-portal/care-team-worklist/EnrollmentCompletion.spec.ts","Enrollment Completion Scenarios","","","Verify care manager filter in New enrollment list",""
"skipped","Mon Aug 24 08:54:06 UTC 2026","Mon Aug 24 08:54:06 UTC 2026","7","","provider-portal/patient-wallet/care-plan-workflow.spec.ts","Patient Wallet - Care Plan Review, Progress & Export","","","AUT_CP_020 - should expose Goals, Barriers and Interventions categories under Care Plan Progress",""
"passed","Mon Aug 24 08:30:39 UTC 2026","Mon Aug 24 08:31:00 UTC 2026","20874","","provider-portal/monitoring/billing-display-and-navigation.spec.ts","Billing — display & navigation","","","enrollments columns — displays all 12 required column headers",""
"passed","Mon Aug 24 08:23:08 UTC 2026","Mon Aug 24 08:23:48 UTC 2026","39296","","provider-portal/care-team-worklist/date-filter-rtm.spec.ts","Care Team Work List (RTM) — Date Filter","","","date filter — applies, persists, and renders empty state on no-match",""
"failed","Mon Aug 24 08:24:26 UTC 2026","Mon Aug 24 08:24:44 UTC 2026","17774","","provider-portal/alerts/alerts.spec.ts","Alerts - Search Functionality","","","should filter alerts when searching by patient name",""
"passed","Mon Aug 24 08:27:31 UTC 2026","Mon Aug 24 08:28:15 UTC 2026","44655","","provider-portal/library/assessment.spec.ts","Assessment Flow","","","should create assessment with all question types, preview, finish and verify in list",""
"passed","Mon Aug 24 08:39:47 UTC 2026","Mon Aug 24 08:40:17 UTC 2026","30239","","provider-portal/alerts/alerts.spec.ts","Alerts - View Resolved Note & Action Menu State","","","E2E: should resolve alert with note and verify note via View Resolved Note",""
"passed","Mon Aug 24 08:25:51 UTC 2026","Mon Aug 24 08:26:25 UTC 2026","34386","","provider-portal/care-team-worklist/interaction-bulk.spec.ts","Interaction - Bulk Operations RTM","","","should send bulk message with custom distribution to single patient",""
"passed","Mon Aug 24 08:33:09 UTC 2026","Mon Aug 24 08:33:27 UTC 2026","18447","","provider-portal/monitoring/billing-enrollments-report-export.spec.ts","Billing > Enrollments — report export","","","export download — selecting a patient + clicking Billing (XLSX) export triggers a download with the expected extension",""
"passed","Mon Aug 24 08:38:57 UTC 2026","Mon Aug 24 08:39:26 UTC 2026","29091","","provider-portal/patient-wallet/care-plan-workflow.spec.ts","Patient Wallet - Care Plan Form Operations","","","AUT_CP_006 - should open the care plan form when ""Assign New Care Plan"" is clicked",""
"failed","Mon Aug 24 08:26:32 UTC 2026","Mon Aug 24 08:28:38 UTC 2026","125691","","provider-portal/enrollment/Add-Enrollments.spec.ts","Provider Portal - Add Enrollment Tests","","","Add Enrollment — patient enrolls as New then moves to Active",""
"failed","Mon Aug 24 08:35:54 UTC 2026","Mon Aug 24 08:40:14 UTC 2026","259279","","provider-portal/provider-worklist/escalation-note-syncs-to-chart.spec.ts","Escalation note syncs to Patient Chart","","","Note entered when escalating an alert appears in the chart Medical History → Escalations",""
"passed","Mon Aug 24 08:29:27 UTC 2026","Mon Aug 24 08:29:30 UTC 2026","3313","","provider-portal/login.spec.ts","Provider Portal Login","","","should login to provider portal and navigate to work list",""
"skipped","Mon Aug 24 08:29:17 UTC 2026","Mon Aug 24 08:29:35 UTC 2026","18122","","provider-portal/care-team-worklist/interaction-week4.spec.ts","Interaction - Week 4 RTM","","","should complete Reach Out activity for Week 4 with time entry",""
"passed","Mon Aug 24 08:41:14 UTC 2026","Mon Aug 24 08:42:15 UTC 2026","60936","","provider-portal/task/task-view-filter.spec.ts","Task - View, Filter, Sort, Search & Pagination","","","AUT_TSK_022 - should display only tasks assigned to logged-in care manager when My Tasks is checked",""
"passed","Mon Aug 24 08:37:58 UTC 2026","Mon Aug 24 08:38:28 UTC 2026","29540","","provider-portal/patient-wallet/patient-monitoring.spec.ts","Patient Wallet - Patient Monitoring","","","should send a chat message and verify it appears",""
"passed","Mon Aug 24 08:28:15 UTC 2026","Mon Aug 24 08:28:28 UTC 2026","12759","","provider-portal/care-team-worklist/EnrollmentCompletion.spec.ts","Enrollment Completion Scenarios","","","Verify Education checkbox workflow - Send educational material to patient",""
"passed","Mon Aug 24 08:34:12 UTC 2026","Mon Aug 24 08:35:52 UTC 2026","99566","","provider-portal/alerts/alerts.spec.ts","Alerts - End-to-End Flows","","","E2E: should create Heart Rate alert and verify it appears on Alerts page",""
"passed","Mon Aug 24 08:48:29 UTC 2026","Mon Aug 24 08:48:45 UTC 2026","15359","","provider-portal/patient-wallet/patient-monitoring.spec.ts","Patient Wallet - Patient Monitoring","","","should display View All Data and Add Data links",""
"passed","Mon Aug 24 08:42:34 UTC 2026","Mon Aug 24 08:43:05 UTC 2026","30766","","provider-portal/task/task-view-filter.spec.ts","Task - View, Filter, Sort, Search & Pagination","","","AUT_TSK_024 - should search tasks by task name",""
"passed","Mon Aug 24 08:35:10 UTC 2026","Mon Aug 24 08:35:39 UTC 2026","29306","","provider-portal/care-team-worklist/interaction.spec.ts","Interaction - RTM (Dynamic Week)","","","should send App chat to patient",""
"failed","Mon Aug 24 08:26:20 UTC 2026","Mon Aug 24 08:29:18 UTC 2026","178306","","provider-portal/care-team-worklist/vitals-sync-rtm.spec.ts","Care Team Work List (RTM) — Vitals Sync with Patient Chart","","","vital recorded on patient chart syncs to Care Team Work List Monitoring",""
"failed","Mon Aug 24 09:25:50 UTC 2026","Mon Aug 24 09:28:37 UTC 2026","166258","","provider-portal/monitoring/monitoring-02-data.spec.ts","Monitoring - Data Review","","","should search for a patient by name in Data list",""
"passed","Mon Aug 24 08:50:53 UTC 2026","Mon Aug 24 08:51:14 UTC 2026","20862","","provider-portal/patient-wallet/patient-monitoring.spec.ts","Patient Wallet - Patient Monitoring","","","should click profile button and verify patient profile view",""
"failed","Mon Aug 24 08:24:15 UTC 2026","Mon Aug 24 08:25:06 UTC 2026","50692","","provider-portal/patient-wallet/cpt-99457-99458x2-rpm-60min-qualification.spec.ts","Interaction Billing (RPM) — CPT 99457 + 99458×2 Qualification (60 min)","","","care coordinator logs 60 min on RPM — patient qualifies for 99457 + 99458 (≥ 2 increments)",""
"passed","Mon Aug 24 08:29:14 UTC 2026","Mon Aug 24 08:32:54 UTC 2026","220606","","provider-portal/patient-wallet/care-plan-workflow.spec.ts","Patient Wallet - Care Plan List & Review","","","AUT_CP_002 - should display all assigned care plans in the patient's care plan list",""
"passed","Mon Aug 24 08:41:54 UTC 2026","Mon Aug 24 08:42:41 UTC 2026","46748","","provider-portal/task/task-reminder-notification.spec.ts","Task - Reminders & Notifications","","","AUT_TSK_050 - E2E Reminder Setup - Create task with reminder, verify task saves with reminder settings",""
"passed","Mon Aug 24 08:33:27 UTC 2026","Mon Aug 24 08:34:17 UTC 2026","50701","","provider-portal/care-team-worklist/interaction.spec.ts","Interaction - RTM (Dynamic Week)","","","should verify cumulative time entries",""
"skipped","Mon Aug 24 08:29:24 UTC 2026","Mon Aug 24 08:30:12 UTC 2026","47432","","provider-portal/care-team-worklist/interaction-week2.spec.ts","Interaction - Week 2 RTM","","","should send Text message to patient from Week 2",""
"passed","Mon Aug 24 08:35:50 UTC 2026","Mon Aug 24 08:36:26 UTC 2026","36305","","provider-portal/monitoring/monitoring-01-no-data.spec.ts","Monitoring - No Data","","","should send SMS to patient and verify count increments",""
"skipped","Mon Aug 24 08:27:27 UTC 2026","Mon Aug 24 08:27:27 UTC 2026","15","","provider-portal/enrollment-billing/rpm-billing-workflow.spec.ts","Enrollment Billing — RPM Workflow","","","4. Patient search + multi-filter (Insurance, Claim Status)",""
"passed","Mon Aug 24 08:32:12 UTC 2026","Mon Aug 24 08:32:32 UTC 2026","20058","","provider-portal/library/assessment.spec.ts","Assessment Flow","","","should view assessment details with all questions and options",""
"passed","Mon Aug 24 08:52:17 UTC 2026","Mon Aug 24 08:52:28 UTC 2026","11275","","provider-portal/documents/documents-full-workflow.spec.ts","Document - Mandatory Field Validation","","","AUT_DOC_007 - Verify mandatory field validation on document upload",""
"passed","Mon Aug 24 08:25:11 UTC 2026","Mon Aug 24 08:26:55 UTC 2026","104008","","provider-portal/provider-worklist/alert-escalated-visits.spec.ts","INTERACTIONS section renders with date-bearing rows after escalation (AUT_CROSS_011)","","","INTERACTIONS section is visible and has at least one date-bearing row",""
"passed","Mon Aug 24 08:46:27 UTC 2026","Mon Aug 24 08:47:02 UTC 2026","35251","","provider-portal/settings/unity-users.spec.ts","Settings - Unity Users Tab","","","should reactivate a user by toggling status to Active",""
"passed","Mon Aug 24 08:34:16 UTC 2026","Mon Aug 24 08:35:14 UTC 2026","58099","","provider-portal/task/task-resolution.spec.ts","Task - Resolution","","","AUT_TSK_092 - Verify task with Done status does not change to Overdue",""
"passed","Mon Aug 24 08:30:57 UTC 2026","Mon Aug 24 08:31:20 UTC 2026","23300","","provider-portal/library/template-crud.spec.ts","Template CRUD Flow","","","should cancel template creation and verify template is not saved",""
"passed","Mon Aug 24 08:31:14 UTC 2026","Mon Aug 24 08:31:43 UTC 2026","28651","","provider-portal/library/assessment.spec.ts","Assessment Flow","","","should edit assessment title and verify changes",""
"passed","Mon Aug 24 08:25:08 UTC 2026","Mon Aug 24 08:25:51 UTC 2026","42685","","provider-portal/care-team-worklist/interaction-bulk.spec.ts","Interaction - Bulk Operations RTM","","","should send bulk message with equal distribution among all selected patients",""
"passed","Mon Aug 24 08:38:56 UTC 2026","Mon Aug 24 08:39:21 UTC 2026","25013","","provider-portal/patient-wallet/patient-monitoring.spec.ts","Patient Wallet - Patient Monitoring","","","should display attachment icon in message area",""
"passed","Mon Aug 24 08:45:35 UTC 2026","Mon Aug 24 08:45:58 UTC 2026","22863","","provider-portal/library/care-plan.spec.ts","Care Plan Flow","","","should only show selected sections in the wizard",""
"passed","Mon Aug 24 08:47:58 UTC 2026","Mon Aug 24 08:48:09 UTC 2026","11695","","provider-portal/patient-wallet/patient-monitoring.spec.ts","Patient Wallet - Patient Monitoring","","","should display all expected column headers",""
"skipped","Mon Aug 24 08:23:05 UTC 2026","Mon Aug 24 08:23:05 UTC 2026","8","","admin-portal/Library/careplanCRUD.spec.ts","Admin Portal - Care Plan CRUD","","","PCM-5: Delete care plan and verify not displayed",""
"passed","Mon Aug 24 08:25:45 UTC 2026","Mon Aug 24 08:26:51 UTC 2026","65502","","provider-portal/enrollment-billing/rpm-billing-workflow.spec.ts","Enrollment Billing — RPM Workflow","","","1. Billing page bucket counts display for RPM",""
"passed","Mon Aug 24 08:36:54 UTC 2026","Mon Aug 24 08:38:16 UTC 2026","81069","","provider-portal/alerts/alerts.spec.ts","Alerts - Cross-Feature Verification (Alerts ↔ Monitoring)","","","should show resolved alerts on Alerts page after resolving from Alerts, and verify Monitoring Resolved count",""
"passed","Mon Aug 24 08:33:48 UTC 2026","Mon Aug 24 08:34:04 UTC 2026","16729","","provider-portal/monitoring/billing-enrollments-report-export.spec.ts","Billing > Enrollments — report export","","","monthly report display — selecting a patient + Export Billing produces a patient-specific monthly XLSX (dated, ZIP-signed, > 1 KB)",""
"skipped","Mon Aug 24 08:41:24 UTC 2026","Mon Aug 24 08:41:24 UTC 2026","3","","provider-portal/patient-wallet/assessment-workflow.spec.ts","Patient Wallet - Assessment Workflow","","","AUT_ASM_003 - should style Completed status pill green and Not Completed pill red",""
"skipped","Mon Aug 24 08:27:27 UTC 2026","Mon Aug 24 08:27:27 UTC 2026","8","","provider-portal/enrollment-billing/rpm-billing-workflow.spec.ts","Enrollment Billing — RPM Workflow","","","9. Provider + Insurance + Claim Status + Paid Status combo",""
"passed","Mon Aug 24 08:23:12 UTC 2026","Mon Aug 24 08:24:16 UTC 2026","64420","","provider-portal/enrollment/EnrollmentFormVerification.spec.ts","","","","Verify patient search and auto-fill in New Enrollment form",""
"passed","Mon Aug 24 08:44:52 UTC 2026","Mon Aug 24 08:45:08 UTC 2026","15289","","provider-portal/task/task-view-filter.spec.ts","Task - View, Filter, Sort, Search & Pagination","","","AUT_TSK_031 - should verify TASK and PRIORITY columns are non-sortable",""
"passed","Mon Aug 24 08:23:08 UTC 2026","Mon Aug 24 08:23:15 UTC 2026","7042","","admin-portal/login.spec.ts","Admin Portal Login Tests","","","Successful login with valid credentials",""
"passed","Mon Aug 24 08:46:04 UTC 2026","Mon Aug 24 08:47:03 UTC 2026","58931","","provider-portal/task/task-reassignment.spec.ts","Task - Reassignment","","","AUT_TSK_083 - Verify task history - Reassigned task shows updated assignee in list",""
"skipped","Mon Aug 24 08:50:02 UTC 2026","Mon Aug 24 08:50:02 UTC 2026","0","","provider-portal/library/care-plan.spec.ts","Care Plan Flow","","","should block creation of care plan with duplicate name",""
"skipped","Mon Aug 24 08:27:27 UTC 2026","Mon Aug 24 08:27:27 UTC 2026","11","","provider-portal/enrollment-billing/rpm-billing-workflow.spec.ts","Enrollment Billing — RPM Workflow","","","7. Ineligible patient absent from Enrollment Billing list",""
"passed","Mon Aug 24 08:35:07 UTC 2026","Mon Aug 24 08:35:26 UTC 2026","19266","","provider-portal/task/task-view-filter.spec.ts","Task - View, Filter, Sort, Search & Pagination","","","AUT_TSK_014 - should show Done tasks when Done filter is selected",""
"passed","Mon Aug 24 08:23:24 UTC 2026","Mon Aug 24 08:24:05 UTC 2026","41336","","provider-portal/care-team-worklist/week-interaction.spec.ts","Provider Portal - Week Interaction","","","should perform week interaction for patient in current week",""
"passed","Mon Aug 24 08:25:55 UTC 2026","Mon Aug 24 08:26:31 UTC 2026","36718","","provider-portal/enrollment/re-enrolled-patient-data-syncs-to-profile.spec.ts","Re-enrolled patient data syncs to Patient Profile","","","After re-activation, Patient Profile shows the patient name, program, and enrollment date",""
"skipped","Mon Aug 24 08:29:35 UTC 2026","Mon Aug 24 08:29:55 UTC 2026","20401","","provider-portal/care-team-worklist/interaction-week4.spec.ts","Interaction - Week 4 RTM","","","should complete Patient Summary activity with time entry",""
"passed","Mon Aug 24 08:45:02 UTC 2026","Mon Aug 24 08:45:32 UTC 2026","29729","","provider-portal/task/task-reminder-notification.spec.ts","Task - Reminders & Notifications","","","AUT_TSK_055 - Verify task creation without reminder - saves successfully without notifications",""
"passed","Mon Aug 24 08:45:40 UTC 2026","Mon Aug 24 08:45:56 UTC 2026","15645","","provider-portal/task/task-view-filter.spec.ts","Task - View, Filter, Sort, Search & Pagination","","","AUT_TSK_034 - should show sequential row numbers in NO column",""
"passed","Mon Aug 24 08:36:46 UTC 2026","Mon Aug 24 08:36:55 UTC 2026","8866","","provider-portal/settings/profile.spec.ts","Settings - Profile Tab","","","should validate confirm password matches new password",""
"passed","Mon Aug 24 08:29:49 UTC 2026","Mon Aug 24 08:30:59 UTC 2026","69666","","provider-portal/documents/documents-full-workflow.spec.ts","Document - Archive/Unarchive Behavior","","","AUT_DOC_021 - Verify document hidden on archive and restored on unarchive",""
"failed","Mon Aug 24 08:34:39 UTC 2026","Mon Aug 24 08:37:20 UTC 2026","160769","","provider-portal/monitoring/monitoring-03-alerts.spec.ts","Monitoring - Alerts","","","should complete alert resolution workflow - Unresolved to Resolved",""
"failed","Mon Aug 24 09:28:47 UTC 2026","Mon Aug 24 09:31:10 UTC 2026","143044","","provider-portal/monitoring/monitoring-03-alerts.spec.ts","Monitoring - Alerts","","","should resolve alert from Number of Alerts page",""
"skipped","Mon Aug 24 08:26:08 UTC 2026","Mon Aug 24 08:26:08 UTC 2026","1","","provider-portal/provider-worklist/alert-escalation-note-syncs-to-patient-chart.spec.ts","Escalation note syncs to Patient Chart (AUT_PW_INT_005)","","","Escalation note attached on the Alerts page appears in the patient chart",""
"passed","Mon Aug 24 08:37:41 UTC 2026","Mon Aug 24 08:37:58 UTC 2026","16830","","provider-portal/patient-wallet/patient-monitoring.spec.ts","Patient Wallet - Patient Monitoring","","","should display message input with placeholder",""
"passed","Mon Aug 24 08:35:35 UTC 2026","Mon Aug 24 08:37:08 UTC 2026","92853","","provider-portal/patient-wallet/patient-task-workflow.spec.ts","Patient Wallet - Task Module Full Workflow","","","AUT_PT_001 - Patient Wallet Task Workflow — create, filter, edit, reassign, resolve, delete",""
"passed","Mon Aug 24 08:39:37 UTC 2026","Mon Aug 24 08:40:17 UTC 2026","39938","","provider-portal/task/task-add.spec.ts","Task - Add Task & Validations","","","AUT_TSK_004 - should create a task and verify it appears in the task list after selecting All filter",""
"passed","Mon Aug 24 08:28:19 UTC 2026","Mon Aug 24 08:28:34 UTC 2026","15672","","provider-portal/alerts/alerts.spec.ts","Alerts - Date Filters","","","should filter alerts by date range",""
"passed","Mon Aug 24 08:26:23 UTC 2026","Mon Aug 24 08:27:55 UTC 2026","92298","","provider-portal/provider-worklist/alert-hides-from-active-after-resolution.spec.ts","Resolved alert hides from active list (AUT_PW_RES_007)","","","After resolution, patient row no longer appears in the Not Resolved Monitoring view",""
"skipped","Mon Aug 24 08:54:06 UTC 2026","Mon Aug 24 08:54:06 UTC 2026","3","","provider-portal/patient-wallet/care-plan-workflow.spec.ts","Patient Wallet - Care Plan Review, Progress & Export","","","AUT_CP_026 - should apply the month filter on the Care Plan Progress list",""
"passed","Mon Aug 24 08:46:46 UTC 2026","Mon Aug 24 08:47:19 UTC 2026","33047","","provider-portal/library/care-plan.spec.ts","Care Plan Flow","","","should archive a care plan and verify Show Archived toggle",""
"passed","Mon Aug 24 08:25:45 UTC 2026","Mon Aug 24 08:26:20 UTC 2026","35701","","provider-portal/enrollment/EnrollmentFilterScenarios.spec.ts","Enrollment Filter Scenarios","","","4. Verify filter combination: Date + Program - Correct patients displayed",""
"passed","Mon Aug 24 08:30:17 UTC 2026","Mon Aug 24 08:30:57 UTC 2026","40023","","provider-portal/library/template-crud.spec.ts","Template CRUD Flow","","","should delete template and verify it is removed from list",""
"failed","Mon Aug 24 08:30:13 UTC 2026","Mon Aug 24 08:30:27 UTC 2026","13337","","provider-portal/monitoring/billing-bucket-counts.spec.ts","Billing — section-tile bucket counts","","","bucket counts update — applying a specific provider filter changes the Enrollments > RPM counts",""
"passed","Mon Aug 24 08:51:42 UTC 2026","Mon Aug 24 08:51:58 UTC 2026","15660","","provider-portal/patient-wallet/patient-monitoring.spec.ts","Patient Wallet - Patient Monitoring","","","should verify vital added from Vitals tab appears in Latest Reading",""
"passed","Mon Aug 24 08:51:02 UTC 2026","Mon Aug 24 08:52:17 UTC 2026","74147","","provider-portal/documents/documents-full-workflow.spec.ts","Document Library - Upload","","","AUT_DOC_002 - Upload document to each folder (Home Exercise, Education, Challenges, Care Plan) and verify",""
"skipped","Mon Aug 24 08:23:05 UTC 2026","Mon Aug 24 08:23:05 UTC 2026","10","","admin-portal/Library/careplanCRUD.spec.ts","Admin Portal - Care Plan CRUD","","","PCM-2: View care plan and scroll, then cancel preview",""
"passed","Mon Aug 24 08:35:24 UTC 2026","Mon Aug 24 08:35:50 UTC 2026","26005","","provider-portal/monitoring/monitoring-01-no-data.spec.ts","Monitoring - No Data","","","should display patients with no data for the selected date",""
"passed","Mon Aug 24 08:30:13 UTC 2026","Mon Aug 24 08:30:39 UTC 2026","25422","","provider-portal/monitoring/billing-display-and-navigation.spec.ts","Billing — display & navigation","","","enrollments tab — clicking Enrollments > RTM opens the qualified patient list",""
"skipped","Mon Aug 24 08:23:08 UTC 2026","Mon Aug 24 08:23:08 UTC 2026","4","","provider-portal/care-team-worklist/terminated-patient-rtm.spec.ts","Care Team Work List (RTM) — Terminated Patient Behavior","","","terminated RTM patient is removed from Interaction tabs and stops generating Monitoring increments",""
"failed","Mon Aug 24 08:27:16 UTC 2026","Mon Aug 24 08:28:41 UTC 2026","85424","","provider-portal/enrollment/re-enrolled-patient-alerts-monitoring-interaction.spec.ts","Re-enrolled patient receives alerts + appears in Monitoring/Interaction","","","Re-activated patient receives an alert and appears in Monitoring + Interaction views",""
"passed","Mon Aug 24 08:32:45 UTC 2026","Mon Aug 24 08:33:08 UTC 2026","22830","","provider-portal/monitoring/billing-enrollments-month-filter.spec.ts","Billing > Enrollments — month filter","","","changing the month filter loads data for the selected month",""
"skipped","Mon Aug 24 08:31:12 UTC 2026","Mon Aug 24 08:31:57 UTC 2026","45411","","provider-portal/care-team-worklist/interaction-week3.spec.ts","Interaction - Week 3 RTM","","","should complete Follow Up Meal Plan activity with time entry",""
"passed","Mon Aug 24 08:47:45 UTC 2026","Mon Aug 24 08:47:58 UTC 2026","12321","","provider-portal/patient-wallet/patient-monitoring.spec.ts","Patient Wallet - Patient Monitoring","","","should display LATEST READING table heading",""
"passed","Mon Aug 24 08:46:51 UTC 2026","Mon Aug 24 08:47:03 UTC 2026","12644","","provider-portal/task/task-add.spec.ts","Task - Add Task & Validations","","","AUT_TSK_013 - Verify due date validation - Past dates are not accepted",""
"skipped","Mon Aug 24 08:45:18 UTC 2026","Mon Aug 24 08:45:45 UTC 2026","26975","","provider-portal/patient-wallet/patient-monitoring.spec.ts","Patient Wallet - Patient Monitoring","","","should open Add Note Summary form when clicked",""
"passed","Mon Aug 24 08:35:11 UTC 2026","Mon Aug 24 08:35:55 UTC 2026","44042","","provider-portal/documents/documents-full-workflow.spec.ts","Document - Count Decrease on Delete","","","AUT_DOC_020 - Verify document removed from folder after deletion",""
"passed","Mon Aug 24 08:32:31 UTC 2026","Mon Aug 24 08:33:10 UTC 2026","39104","","provider-portal/library/template-crud.spec.ts","Template CRUD Flow","","","should prevent saving template without mandatory fields",""
"failed","Mon Aug 24 08:37:32 UTC 2026","Mon Aug 24 08:38:00 UTC 2026","28139","","provider-portal/settings/unity-users.spec.ts","Settings - Unity Users Tab","","","should filter users by role using the role dropdown",""
"failed","Mon Aug 24 08:28:07 UTC 2026","Mon Aug 24 08:29:51 UTC 2026","104181","","provider-portal/provider-worklist/alert-escalation-target-immediate.spec.ts","Escalated alert appears in target Provider's worklist immediately (AUT_CROSS_010)","","","Target Provider sees the escalated alert in default Monitoring view within 15s",""
"passed","Mon Aug 24 08:33:27 UTC 2026","Mon Aug 24 08:33:48 UTC 2026","20254","","provider-portal/monitoring/billing-enrollments-report-export.spec.ts","Billing > Enrollments — report export","","","export download — selecting a patient + clicking HCFA 1500 (PDF zip) export triggers a download with the expected extension",""
"passed","Mon Aug 24 08:35:14 UTC 2026","Mon Aug 24 08:35:53 UTC 2026","39314","","provider-portal/task/task-resolution.spec.ts","Task - Resolution","","","AUT_TSK_093 - Verify resolve page auto-fills current date by default",""
"skipped","Mon Aug 24 08:31:57 UTC 2026","Mon Aug 24 08:32:44 UTC 2026","46896","","provider-portal/care-team-worklist/interaction-week3.spec.ts","Interaction - Week 3 RTM","","","should verify patient progresses to Week 4 after completing all Week 3 activities",""
"failed","Mon Aug 24 08:39:55 UTC 2026","Mon Aug 24 08:42:30 UTC 2026","154469","","provider-portal/monitoring/monitoring-03-alerts.spec.ts","Monitoring - Alerts","","","should display unresolved alerts in red color",""
"passed","Mon Aug 24 08:48:19 UTC 2026","Mon Aug 24 08:48:31 UTC 2026","11456","","provider-portal/task/task-reminder-notification.spec.ts","Task - Reminders & Notifications","","","AUT_TSK_060 - Verify task becomes OverDue when past due date",""
"passed","Mon Aug 24 08:46:03 UTC 2026","Mon Aug 24 08:46:27 UTC 2026","24153","","provider-portal/patient-wallet/patient-monitoring.spec.ts","Patient Wallet - Patient Monitoring","","","should remove a filter chip and verify messages update",""
"failed","Mon Aug 24 08:24:44 UTC 2026","Mon Aug 24 08:25:50 UTC 2026","65710","","provider-portal/enrollment/CreateNEnrollPatient.spec.ts","","","","Patient Onboarding and Enrollment 1",""
"failed","Mon Aug 24 08:24:36 UTC 2026","Mon Aug 24 08:25:23 UTC 2026","46760","","provider-portal/enrollment/enrollment-care-plan-vital-threshold-triggers-alert.spec.ts","Care Plan vital threshold triggers alert on out-of-range readings","","","Reading below Min and above Max each generate an alert for the patient",""
"failed","Mon Aug 24 08:37:28 UTC 2026","Mon Aug 24 08:41:49 UTC 2026","261175","","provider-portal/provider-worklist/resolution-note-sync.spec.ts","Resolution note syncs across worklist views","","","Note written when resolving in Care Team Worklist appears via the Alerts page View Resolved Note",""
"passed","Mon Aug 24 08:38:38 UTC 2026","Mon Aug 24 08:39:34 UTC 2026","56155","","provider-portal/alerts/alerts.spec.ts","Alerts - View Resolved Note & Action Menu State","","","should show ""View Resolved Note"" instead of ""Resolve"" for resolved alerts",""
"skipped","Mon Aug 24 08:23:05 UTC 2026","Mon Aug 24 08:23:05 UTC 2026","7","","admin-portal/Library/careplanCRUD.spec.ts","Admin Portal - Care Plan CRUD","","","PCM-7: Create PCM care plan covering all question types",""
"passed","Mon Aug 24 08:46:41 UTC 2026","Mon Aug 24 08:46:55 UTC 2026","14236","","provider-portal/patient-wallet/patient-monitoring.spec.ts","Patient Wallet - Patient Monitoring","","","should display INTERACTIONS section heading",""
"skipped","Mon Aug 24 08:23:05 UTC 2026","Mon Aug 24 08:23:05 UTC 2026","13","","admin-portal/Library/careplanCRUD.spec.ts","Admin Portal - Care Plan CRUD","","","CCM-4: Save as draft, verify status, edit and finish to make active",""
"passed","Mon Aug 24 08:27:25 UTC 2026","Mon Aug 24 08:28:02 UTC 2026","37728","","provider-portal/enrollment/EnrollmentFilterScenarios.spec.ts","Enrollment Filter Scenarios","","","7. Verify filter combination: Date + Status + Program - Correct patients displayed",""
"skipped","Mon Aug 24 08:34:41 UTC 2026","Mon Aug 24 08:34:41 UTC 2026","4","","provider-portal/care-team-worklist/interaction-week1.spec.ts","Interaction - Week 1 RTM","","","should filter Week 1 list by All care managers",""
"skipped","Mon Aug 24 08:28:03 UTC 2026","Mon Aug 24 08:28:51 UTC 2026","47957","","provider-portal/care-team-worklist/interaction-week3.spec.ts","Interaction - Week 3 RTM","","","should complete Reach Out activity for Week 3 with time entry",""
"passed","Mon Aug 24 08:23:12 UTC 2026","Mon Aug 24 08:24:18 UTC 2026","66379","","provider-portal/enrollment/Add-Enrollments.spec.ts","Provider Portal - Add Enrollment Tests","","","Verify Cancel button closes Add Enrollment form and navigates back to Enrollment List",""
"passed","Mon Aug 24 08:34:12 UTC 2026","Mon Aug 24 08:35:35 UTC 2026","83504","","provider-portal/patient-wallet/patient-summary-workflow.spec.ts","Patient Wallet - Summary Full Workflow","","","AUT_PT_SUM_001 - Complete Summary workflow in patient chart (7 scenarios)",""
"skipped","Mon Aug 24 08:34:41 UTC 2026","Mon Aug 24 08:34:41 UTC 2026","10","","provider-portal/care-team-worklist/interaction-week1.spec.ts","Interaction - Week 1 RTM","","","should filter Week 1 list by specific care manager",""
"failed","Mon Aug 24 08:25:50 UTC 2026","Mon Aug 24 08:26:18 UTC 2026","28185","","provider-portal/patient-wallet/enrollment-qualifies-cpt-99453.spec.ts","Enrollment qualifies CPT 99453 on Billing module","","","New patient → RPM enrolled → Active → Billing shows CPT 99453",""
"passed","Mon Aug 24 08:34:33 UTC 2026","Mon Aug 24 08:34:57 UTC 2026","24374","","provider-portal/monitoring/billing-enrollments-search.spec.ts","Billing > Enrollments — search","","","search term persists in the Search Patient input when switching between RPM and RTM sub-tabs",""
"passed","Mon Aug 24 08:27:01 UTC 2026","Mon Aug 24 08:27:16 UTC 2026","14688","","provider-portal/documents/documents-full-workflow.spec.ts","Document - Consent Folder Defaults","","","AUT_DOC_011 - Verify Consent folder has default documents",""
"passed","Mon Aug 24 08:44:49 UTC 2026","Mon Aug 24 08:44:56 UTC 2026","6722","","provider-portal/documents/documents-full-workflow.spec.ts","Document - Tag Filter","","","AUT_DOC_018 - Verify tag filter options match available folders",""
"passed","Mon Aug 24 08:29:16 UTC 2026","Mon Aug 24 08:29:37 UTC 2026","21817","","provider-portal/global-features/search.spec.ts","Global Search","","","should display No Option message when searching with invalid DOB",""
"passed","Mon Aug 24 08:23:23 UTC 2026","Mon Aug 24 08:26:28 UTC 2026","184836","","provider-portal/care-team-worklist/terminated-patient-no-alerts.spec.ts","Care Team Work List (RTM) — Terminated Patient Generates No Alerts","","","closed RTM enrollment disables Add Vital — no path to generate new alerts",""
"passed","Mon Aug 24 08:29:41 UTC 2026","Mon Aug 24 08:30:12 UTC 2026","31752","","provider-portal/alerts/alerts.spec.ts","Alerts - Resolve","","","should resolve an alert and verify status changes",""
"passed","Mon Aug 24 08:39:14 UTC 2026","Mon Aug 24 08:41:14 UTC 2026","120378","","provider-portal/task/task-view-filter.spec.ts","Task - View, Filter, Sort, Search & Pagination","","","AUT_TSK_021 - should verify each action filter shows only its own tasks",""
"failed","Mon Aug 24 08:50:14 UTC 2026","Mon Aug 24 08:52:39 UTC 2026","144825","","provider-portal/monitoring/monitoring-03-alerts.spec.ts","Monitoring - Alerts","","","should filter Alerts list by care manager",""
"passed","Mon Aug 24 08:28:40 UTC 2026","Mon Aug 24 08:29:50 UTC 2026","70904","","provider-portal/patient-wallet/patient-care-team-workflow.spec.ts","Patient Wallet - Care Team Full Workflow","","","AUT_PT_CT_001 - Complete Care Team workflow in patient chart (5 scenarios)",""
"skipped","Mon Aug 24 08:23:05 UTC 2026","Mon Aug 24 08:23:05 UTC 2026","6","","admin-portal/Library/conditionCRUD.spec.ts","Admin Portal - ICD Code Condition Workflow","","","COND-2: Edit Condition Name and Description, then verify",""
"passed","Mon Aug 24 08:32:32 UTC 2026","Mon Aug 24 08:32:55 UTC 2026","23315","","provider-portal/monitoring/billing-enrollments-filters.spec.ts","Billing > Enrollments — filters","","","multiple filters — SelfPay + Claim Status + Paid Status applied together filter to rows matching all three",""
"failed","Mon Aug 24 08:52:24 UTC 2026","Mon Aug 24 08:52:43 UTC 2026","18959","","provider-portal/patient-wallet/care-plan-workflow.spec.ts","Patient Wallet - Care Plan Review, Progress & Export","","","AUT_CP_016 - should display the logged-in user's name on the Close Care Plan page",""
"passed","Mon Aug 24 08:44:05 UTC 2026","Mon Aug 24 08:44:35 UTC 2026","29587","","provider-portal/library/care-plan.spec.ts","Care Plan Flow","","","should delete a care plan with confirmation",""
"passed","Mon Aug 24 08:45:19 UTC 2026","Mon Aug 24 08:45:53 UTC 2026","34533","","provider-portal/task/task-add.spec.ts","Task - Add Task & Validations","","","AUT_TSK_008 - should create task assigned to logged-in user and verify under My Tasks",""
"passed","Mon Aug 24 08:46:29 UTC 2026","Mon Aug 24 08:47:12 UTC 2026","42348","","provider-portal/task/task-recurring.spec.ts","Task - Recurring Tasks","","","AUT_TSK_076 - Verify recurring task without reminder saves successfully",""
"passed","Mon Aug 24 08:31:17 UTC 2026","Mon Aug 24 08:33:35 UTC 2026","138273","","provider-portal/enrollment/Modify-EnrollmentFlow.spec.ts","Provider Portal - Modify Enrollment Tests","","","Verify modify enrollment - Change status from NEW to ACTIVE, changes reflected in Worklist and Enrollment List",""
"passed","Mon Aug 24 08:49:47 UTC 2026","Mon Aug 24 08:50:02 UTC 2026","14917","","provider-portal/patient-wallet/patient-monitoring.spec.ts","Patient Wallet - Patient Monitoring","","","should add a new vital entry via Add Data",""
"passed","Mon Aug 24 08:23:16 UTC 2026","Mon Aug 24 08:23:23 UTC 2026","6149","","admin-portal/login.spec.ts","Admin Portal Login Tests","","","Failed login with invalid credentials",""
"passed","Mon Aug 24 08:28:10 UTC 2026","Mon Aug 24 08:28:28 UTC 2026","18387","","provider-portal/global-features/search.spec.ts","Global Search","","","should find patient when searching by full name in lastname-firstname format",""
"skipped","Mon Aug 24 08:34:41 UTC 2026","Mon Aug 24 08:34:41 UTC 2026","8","","provider-portal/care-team-worklist/interaction-week1.spec.ts","Interaction - Week 1 RTM","","","should complete Meal Plan activity with manual time entry logged",""
"failed","Mon Aug 24 08:37:04 UTC 2026","Mon Aug 24 08:37:25 UTC 2026","20918","","provider-portal/monitoring/billing-enrollments-claim-workflow.spec.ts","Billing > Enrollments — claim workflow","","","submission confirmation — row CLAIM STATUS flips Submitted, row stays visible, bucket-tile count increments after reload",""
"failed","Mon Aug 24 09:14:37 UTC 2026","Mon Aug 24 09:17:23 UTC 2026","166732","","provider-portal/monitoring/monitoring-02-data.spec.ts","Monitoring - Data Review","","","should send Text message to patient from Data section",""
"failed","Mon Aug 24 08:33:54 UTC 2026","Mon Aug 24 08:34:41 UTC 2026","46350","","provider-portal/care-team-worklist/interaction-week1.spec.ts","Interaction - Week 1 RTM","","","should complete Update EHR Chart activity with manual time entry logged",""
"skipped","Mon Aug 24 08:23:05 UTC 2026","Mon Aug 24 08:23:05 UTC 2026","9","","admin-portal/Library/careplanCRUD.spec.ts","Admin Portal - Care Plan CRUD","","","PCM-3: Edit care plan name and verify on admin and provider portal",""
"passed","Mon Aug 24 08:49:34 UTC 2026","Mon Aug 24 08:52:23 UTC 2026","169466","","provider-portal/patient-wallet/care-plan-workflow.spec.ts","Patient Wallet - Care Plan Review, Progress & Export","","","AUT_CP_015 - should open the Close Care Plan (Review & Sign Off) page from the Review & Close button",""
"passed","Mon Aug 24 08:35:56 UTC 2026","Mon Aug 24 08:36:40 UTC 2026","44254","","provider-portal/documents/documents-full-workflow.spec.ts","Document - Delete Workflow","","","AUT_DOC_009 - Verify document delete with confirmation and removal from list",""
"passed","Mon Aug 24 08:36:28 UTC 2026","Mon Aug 24 08:36:53 UTC 2026","24210","","provider-portal/task/task-view-filter.spec.ts","Task - View, Filter, Sort, Search & Pagination","","","AUT_TSK_018 - should filter tasks by CCM service",""
"passed","Mon Aug 24 08:33:00 UTC 2026","Mon Aug 24 08:33:27 UTC 2026","26189","","provider-portal/care-team-worklist/interaction.spec.ts","Interaction - RTM (Dynamic Week)","","","should verify all activities completed for detected week",""
"passed","Mon Aug 24 08:36:53 UTC 2026","Mon Aug 24 08:37:08 UTC 2026","15077","","provider-portal/settings/unity-users.spec.ts","Settings - Unity Users Tab","","","should show no results for non-existent user search",""
"failed","Mon Aug 24 08:31:07 UTC 2026","Mon Aug 24 08:31:38 UTC 2026","30449","","provider-portal/monitoring/billing-enrollments-claim-workflow.spec.ts","Billing > Enrollments — claim workflow","","","claim page auto-fill — opening the dialog pre-populates all required fields from the patient billing row",""
"failed","Mon Aug 24 09:08:58 UTC 2026","Mon Aug 24 09:11:47 UTC 2026","168327","","provider-portal/monitoring/monitoring-02-data.spec.ts","Monitoring - Data Review","","","should display records in Number of Readings page",""
"skipped","Mon Aug 24 08:31:40 UTC 2026","Mon Aug 24 08:32:24 UTC 2026","43534","","provider-portal/care-team-worklist/interaction-week2.spec.ts","Interaction - Week 2 RTM","","","should filter Week 2 list by care manager",""
"skipped","Mon Aug 24 08:34:41 UTC 2026","Mon Aug 24 08:34:41 UTC 2026","5","","provider-portal/care-team-worklist/interaction-week1.spec.ts","Interaction - Week 1 RTM","","","should search for patient by name in Week 1 list",""
"passed","Mon Aug 24 08:38:59 UTC 2026","Mon Aug 24 08:41:25 UTC 2026","145573","","provider-portal/task/task-both-provider-patient.spec.ts","Task - Both Provider & Patient Charting Verification","","","AUT_TSK_122 - Task assigned to provider and linked to patient is visible in both provider Task section and patient charting",""
"passed","Mon Aug 24 08:38:28 UTC 2026","Mon Aug 24 08:38:56 UTC 2026","28571","","provider-portal/patient-wallet/patient-monitoring.spec.ts","Patient Wallet - Patient Monitoring","","","should display ""No messages found"" when no messages exist",""
"passed","Mon Aug 24 08:42:29 UTC 2026","Mon Aug 24 08:42:57 UTC 2026","27442","","provider-portal/patient-wallet/patient-monitoring.spec.ts","Patient Wallet - Patient Monitoring","","","should open Response Library dialog when clicked",""
"passed","Mon Aug 24 08:44:16 UTC 2026","Mon Aug 24 08:45:18 UTC 2026","61371","","provider-portal/patient-wallet/patient-monitoring.spec.ts","Patient Wallet - Patient Monitoring","","","should open Assign Enrollment dialog when clicked",""
"skipped","Mon Aug 24 08:41:24 UTC 2026","Mon Aug 24 08:41:24 UTC 2026","2","","provider-portal/patient-wallet/assessment-workflow.spec.ts","Patient Wallet - Assessment Workflow","","","AUT_ASM_004 - should complete an assigned assessment via the action menu Submit option",""
"passed","Mon Aug 24 08:27:16 UTC 2026","Mon Aug 24 08:29:24 UTC 2026","128322","","provider-portal/documents/documents-full-workflow.spec.ts","Document - Upload and Assign Consistency","","","AUT_DOC_024 - Verify uploaded document and assigned document consistency",""
"passed","Mon Aug 24 08:46:27 UTC 2026","Mon Aug 24 08:46:41 UTC 2026","13516","","provider-portal/patient-wallet/patient-monitoring.spec.ts","Patient Wallet - Patient Monitoring","","","should display month selector with current month",""
"passed","Mon Aug 24 08:31:00 UTC 2026","Mon Aug 24 08:31:15 UTC 2026","15245","","provider-portal/monitoring/billing-display-and-navigation.spec.ts","Billing — display & navigation","","","monitoring RTM columns — displays all 14 required column headers including Days / Bill Cycle / Action",""
"passed","Mon Aug 24 08:43:29 UTC 2026","Mon Aug 24 08:44:05 UTC 2026","35643","","provider-portal/library/care-plan.spec.ts","Care Plan Flow","","","should edit an existing care plan and verify changes",""
"skipped","Mon Aug 24 08:31:58 UTC 2026","Mon Aug 24 08:31:58 UTC 2026","9","","provider-portal/library/library-cross-portal-workflows.spec.ts","Library — Cross-Portal Data Flow Workflows","","","4. Assessment created in admin library syncs to provider library and patient chart",""
"passed","Mon Aug 24 08:35:11 UTC 2026","Mon Aug 24 08:35:24 UTC 2026","12662","","provider-portal/monitoring/billing-enrollments-search.spec.ts","Billing > Enrollments — search","","","typing an invalid insurance (""ZzznotarealinsurerXyz9999"") shows ""No data found."" and empties the list",""
"passed","Mon Aug 24 08:29:47 UTC 2026","Mon Aug 24 08:31:38 UTC 2026","110974","","provider-portal/provider-worklist/alert-view-resolved-note.spec.ts","View Resolved Note in Care Team Worklist (AUT_PW_RES_005)","","","Resolved row exposes the resolution note via the action menu",""
"passed","Mon Aug 24 08:36:10 UTC 2026","Mon Aug 24 08:38:27 UTC 2026","136438","","provider-portal/patient-wallet/care-plan-workflow.spec.ts","Patient Wallet - Care Plan Form Operations","","","AUT_CP_005 - should expose ""Assign New Care Plan"" in the Manage Plan dropdown",""
"passed","Mon Aug 24 08:25:14 UTC 2026","Mon Aug 24 08:27:01 UTC 2026","106948","","provider-portal/documents/documents-full-workflow.spec.ts","Document Library - Assign & Patient Charting","","","AUT_DOC_004 - Upload document, assign to patient, verify in patient chart Documents section",""
"passed","Mon Aug 24 08:25:26 UTC 2026","Mon Aug 24 08:27:06 UTC 2026","99549","","provider-portal/enrollment/Modify-EnrollmentFlow.spec.ts","Provider Portal - Modify Enrollment Tests","","","Verify complete modify enrollment workflow - Update ICD codes, Care Manager, Provider, Insurance",""
"skipped","Mon Aug 24 08:27:27 UTC 2026","Mon Aug 24 08:27:27 UTC 2026","9","","provider-portal/enrollment-billing/rpm-billing-workflow.spec.ts","Enrollment Billing — RPM Workflow","","","8. Search by name + insurance combinations",""
"failed","Mon Aug 24 08:40:38 UTC 2026","Mon Aug 24 08:41:05 UTC 2026","26558","","provider-portal/settings/unity-users.spec.ts","Settings - Unity Users Tab","","","should open user profile when clicking user name link",""
"passed","Mon Aug 24 08:40:17 UTC 2026","Mon Aug 24 08:41:52 UTC 2026","95517","","provider-portal/task/task-add.spec.ts","Task - Add Task & Validations","","","AUT_TSK_005 - should create multiple tasks and verify alphabetical sort by Name",""
"passed","Mon Aug 24 08:31:25 UTC 2026","Mon Aug 24 08:31:51 UTC 2026","26915","","provider-portal/alerts/alerts.spec.ts","Alerts - Escalate to Provider","","","should show success message after escalation",""
"passed","Mon Aug 24 08:29:02 UTC 2026","Mon Aug 24 08:30:48 UTC 2026","105132","","provider-portal/library/assessment.spec.ts","Assessment Flow","","","should assign assessment to patient and verify in patient chart",""
"failed","Mon Aug 24 08:49:25 UTC 2026","Mon Aug 24 08:49:59 UTC 2026","34317","","provider-portal/settings/unity-users.spec.ts","Settings - Unity Users Tab","","","should prevent inactive provider from logging in",""
"passed","Mon Aug 24 08:30:02 UTC 2026","Mon Aug 24 08:30:19 UTC 2026","17815","","provider-portal/care-team-worklist/interaction.spec.ts","Interaction - RTM (Dynamic Week)","","","should verify patient is listed in detected week",""
"failed","Mon Aug 24 08:41:41 UTC 2026","Mon Aug 24 08:43:47 UTC 2026","125773","","provider-portal/alerts/alerts.spec.ts","Alerts - Escalated Provider Worklist Verification","","","should verify escalated provider receives escalation in Provider Worklist",""
"failed","Mon Aug 24 08:32:14 UTC 2026","Mon Aug 24 08:32:45 UTC 2026","31514","","provider-portal/monitoring/billing-enrollments-claim-workflow.spec.ts","Billing > Enrollments — claim workflow","","","claim generation E2E — pre-filled fields verified, then claim submitted, status flips Submitted",""
"passed","Mon Aug 24 08:42:36 UTC 2026","Mon Aug 24 08:42:46 UTC 2026","9371","","provider-portal/documents/documents-full-workflow.spec.ts","Document - Navigation","","","AUT_DOC_014 - Verify folder navigation and back action",""
"failed","Mon Aug 24 08:25:59 UTC 2026","Mon Aug 24 08:29:44 UTC 2026","224875","","provider-portal/care-team-worklist/week-interaction.spec.ts","Provider Portal - Week Interaction","","","should verify newly enrolled patient appears in Week 1 after consent signature",""
"passed","Mon Aug 24 08:41:52 UTC 2026","Mon Aug 24 08:42:38 UTC 2026","45543","","provider-portal/task/task-recurring.spec.ts","Task - Recurring Tasks","","","AUT_TSK_070 - E2E Recurring Task Creation - Daily recurrence",""
"passed","Mon Aug 24 08:26:29 UTC 2026","Mon Aug 24 08:27:35 UTC 2026","65831","","provider-portal/global-features/search.spec.ts","Global Search","","","should display the global search bar on the dashboard after login",""
"failed","Mon Aug 24 08:25:39 UTC 2026","Mon Aug 24 08:26:21 UTC 2026","41584","","provider-portal/enrollment/modify-enrollment-insurance-syncs-to-billing.spec.ts","Modify enrollment (New → Active) — Insurance change syncs to Billing","","","New patient → Active → Update Enrollment + Add Insurance → Billing reflects the new insurance",""
"passed","Mon Aug 24 08:37:31 UTC 2026","Mon Aug 24 08:38:59 UTC 2026","87619","","provider-portal/patient-wallet/patient-monitoring-workflow.spec.ts","Patient Wallet - Patient Monitoring Full Workflow","","","AUT_PT_MON_ALERT_001 - Generate + resolve an alert (AUT_PT_027, AUT_PT_028)",""
"skipped","Mon Aug 24 08:23:05 UTC 2026","Mon Aug 24 08:23:05 UTC 2026","7","","admin-portal/Library/conditionCRUD.spec.ts","Admin Portal - ICD Code Condition Workflow","","","COND-1: Add a new Condition and verify in list",""
"passed","Mon Aug 24 08:35:32 UTC 2026","Mon Aug 24 08:36:00 UTC 2026","27912","","provider-portal/patient-wallet/patient-monitoring.spec.ts","Patient Wallet - Patient Monitoring","","","should switch between program tabs and verify content loads",""
"passed","Mon Aug 24 08:41:17 UTC 2026","Mon Aug 24 08:41:45 UTC 2026","28656","","provider-portal/patient-wallet/patient-monitoring.spec.ts","Patient Wallet - Patient Monitoring","","","should stop timer when stop button is clicked",""
"skipped","Mon Aug 24 08:28:01 UTC 2026","Mon Aug 24 08:28:43 UTC 2026","42068","","provider-portal/care-team-worklist/interaction-week2.spec.ts","Interaction - Week 2 RTM","","","should verify patient progresses to Week 3 after completing Week 2 activities",""
"passed","Mon Aug 24 08:35:39 UTC 2026","Mon Aug 24 08:35:52 UTC 2026","13303","","provider-portal/care-team-worklist/interaction.spec.ts","Interaction - RTM (Dynamic Week)","","","should search for patient by name",""
"passed","Mon Aug 24 08:38:27 UTC 2026","Mon Aug 24 08:38:57 UTC 2026","30129","","provider-portal/patient-wallet/care-plan-workflow.spec.ts","Patient Wallet - Care Plan Form Operations","","","AUT_CP_011 - should expose ""Modify Care Plan"" in the Manage Plan dropdown",""
"skipped","Mon Aug 24 08:34:41 UTC 2026","Mon Aug 24 08:34:41 UTC 2026","7","","provider-portal/care-team-worklist/interaction-week1.spec.ts","Interaction - Week 1 RTM","","","should verify total time logged displays in Patient Chart",""
"passed","Mon Aug 24 08:23:10 UTC 2026","Mon Aug 24 08:23:25 UTC 2026","15035","","provider-portal/alerts/alerts.spec.ts","Alerts - Navigation & Page Load","","","should navigate to Alerts page from sidebar",""
"passed","Mon Aug 24 08:38:19 UTC 2026","Mon Aug 24 08:38:34 UTC 2026","14164","","provider-portal/settings/unity-users.spec.ts","Settings - Unity Users Tab","","","should prevent saving without mandatory fields",""
"skipped","Mon Aug 24 08:28:58 UTC 2026","Mon Aug 24 08:29:09 UTC 2026","11150","","provider-portal/alerts/alerts.spec.ts","Alerts - Sorting","","","should sort alerts by Name ascending",""
"skipped","Mon Aug 24 08:32:44 UTC 2026","Mon Aug 24 08:33:35 UTC 2026","50069","","provider-portal/care-team-worklist/interaction-week3.spec.ts","Interaction - Week 3 RTM","","","should verify multiple time entries are cumulative in Week 3",""
"failed","Mon Aug 24 08:50:47 UTC 2026","Mon Aug 24 08:53:19 UTC 2026","151920","","provider-portal/task/task-reassignment.spec.ts","Task - Reassignment","","","AUT_TSK_124 - Reassigned task: provider accounts + patient charting full verification",""
"passed","Mon Aug 24 08:34:03 UTC 2026","Mon Aug 24 08:34:33 UTC 2026","30047","","provider-portal/library/assessment.spec.ts","Assessment Flow","","","should search and filter assessments by title",""
"passed","Mon Aug 24 08:25:11 UTC 2026","Mon Aug 24 08:27:50 UTC 2026","159082","","provider-portal/provider-worklist/alert-escalation-chain.spec.ts","Cross-Module Alert Escalation Chain (AUT_CROSS_004)","","","CM → Provider A → Provider B with notes → Provider B resolves → Monitoring shows Resolved",""
"passed","Mon Aug 24 08:27:15 UTC 2026","Mon Aug 24 08:27:52 UTC 2026","37095","","provider-portal/alerts/alerts.spec.ts","Alerts - Status Filter","","","should toggle between Active and All filters",""
"passed","Mon Aug 24 08:43:02 UTC 2026","Mon Aug 24 08:43:29 UTC 2026","27533","","provider-portal/library/care-plan.spec.ts","Care Plan Flow","","","should save care plan as draft and resume editing",""
"skipped","Mon Aug 24 08:34:41 UTC 2026","Mon Aug 24 08:34:41 UTC 2026","8","","provider-portal/care-team-worklist/interaction-week1.spec.ts","Interaction - Week 1 RTM","","","should verify multiple time entries for same activity are cumulative",""
"passed","Mon Aug 24 08:34:34 UTC 2026","Mon Aug 24 08:35:10 UTC 2026","35664","","provider-portal/care-team-worklist/interaction.spec.ts","Interaction - RTM (Dynamic Week)","","","should send Text message to patient",""
"failed","Mon Aug 24 08:25:01 UTC 2026","Mon Aug 24 08:26:07 UTC 2026","66732","","provider-portal/patient-wallet/cpt-99457-rpm-time-qualification.spec.ts","Interaction Billing (RPM) — CPT 99457 Qualification","","","care coordinator logs ≥ 20 min on RPM — patient qualifies for CPT 99457 in Billing > Interaction > RPM",""
"passed","Mon Aug 24 08:28:16 UTC 2026","Mon Aug 24 08:29:02 UTC 2026","46138","","provider-portal/library/assessment.spec.ts","Assessment Flow","","","should validate each question type in created assessment",""
"skipped","Mon Aug 24 08:23:05 UTC 2026","Mon Aug 24 08:23:05 UTC 2026","14","","admin-portal/Library/careplanCRUD.spec.ts","Admin Portal - Care Plan CRUD","","","CCM-3: Edit care plan name and verify on admin and provider portal",""
"skipped","Mon Aug 24 08:54:06 UTC 2026","Mon Aug 24 08:54:06 UTC 2026","2","","provider-portal/patient-wallet/care-plan-workflow.spec.ts","Patient Wallet - Care Plan Review, Progress & Export","","","AUT_CP_030 - should apply the month filter on the Care Plan Review page",""
"passed","Mon Aug 24 08:29:20 UTC 2026","Mon Aug 24 08:29:40 UTC 2026","20579","","provider-portal/alerts/alerts.spec.ts","Alerts - Resolve","","","should display Escalate and Resolve options in action menu",""
"skipped","Mon Aug 24 08:34:41 UTC 2026","Mon Aug 24 08:34:41 UTC 2026","6","","provider-portal/care-team-worklist/interaction-week1.spec.ts","Interaction - Week 1 RTM","","","should send App chat to patient from Week 1",""
"failed","Mon Aug 24 08:39:57 UTC 2026","Mon Aug 24 08:43:09 UTC 2026","192908","","provider-portal/monitoring/monitoring-02-data.spec.ts","Monitoring - Data Review","","","should review vitals from Number of Readings",""
"passed","Mon Aug 24 08:35:52 UTC 2026","Mon Aug 24 08:36:54 UTC 2026","62331","","provider-portal/alerts/alerts.spec.ts","Alerts - End-to-End Flows","","","E2E: should create alert, resolve it, and verify resolved status",""
"passed","Mon Aug 24 08:39:19 UTC 2026","Mon Aug 24 08:39:47 UTC 2026","28304","","provider-portal/settings/unity-users.spec.ts","Settings - Unity Users Tab","","","should handle duplicate username or email on Add",""
"passed","Mon Aug 24 08:43:24 UTC 2026","Mon Aug 24 08:45:29 UTC 2026","125093","","provider-portal/task/task-patient-charting.spec.ts","Task - Patient Charting Verification","","","AUT_TSK_121 - Task with selected patient is displayed in Patient Charting section",""
"passed","Mon Aug 24 08:29:32 UTC 2026","Mon Aug 24 08:29:52 UTC 2026","20637","","provider-portal/monitoring/billing-display-and-navigation.spec.ts","Billing — display & navigation","","","default section — clicking the Billing sidebar item opens the Enrollments section by default",""
"passed","Mon Aug 24 08:42:53 UTC 2026","Mon Aug 24 08:43:33 UTC 2026","40444","","provider-portal/patient-wallet/care-plan-workflow.spec.ts","Patient Wallet - Care Plan Form Operations","","","AUT_CP_010 - should complete the modify care plan workflow — open, edit, save, updated plan displays",""
"passed","Mon Aug 24 08:33:42 UTC 2026","Mon Aug 24 08:34:28 UTC 2026","45982","","provider-portal/library/template-crud.spec.ts","Template CRUD Flow","","","should cancel template edit and verify original data remains",""
"passed","Mon Aug 24 08:41:49 UTC 2026","Mon Aug 24 08:42:52 UTC 2026","62803","","provider-portal/task/task-edit.spec.ts","Task - Edit","","","AUT_TSK_100 - E2E Edit Task - Open edit, update fields, save, verify in list",""
"passed","Mon Aug 24 08:44:05 UTC 2026","Mon Aug 24 08:44:22 UTC 2026","17285","","provider-portal/task/task-view-filter.spec.ts","Task - View, Filter, Sort, Search & Pagination","","","AUT_TSK_028 - should verify SERVICE column displays valid service values",""
"passed","Mon Aug 24 08:30:55 UTC 2026","Mon Aug 24 08:33:00 UTC 2026","125448","","provider-portal/care-team-worklist/interaction.spec.ts","Interaction - RTM (Dynamic Week)","","","should complete all remaining activities for detected week with time entry",""
"passed","Mon Aug 24 08:43:09 UTC 2026","Mon Aug 24 08:45:39 UTC 2026","149985","","provider-portal/task/task-delete-both.spec.ts","Task - Delete Both Provider & Patient Verification","","","AUT_TSK_127 - Deleted task is no longer visible in both provider Task section and patient charting",""
"skipped","Mon Aug 24 08:23:05 UTC 2026","Mon Aug 24 08:23:05 UTC 2026","5","","admin-portal/Library/conditionCRUD.spec.ts","Admin Portal - ICD Code Condition Workflow","","","COND-5: Verify favourite ICD code appears at top in Provider Portal Enrollment",""
"passed","Mon Aug 24 08:36:00 UTC 2026","Mon Aug 24 08:36:16 UTC 2026","16107","","provider-portal/patient-wallet/patient-monitoring.spec.ts","Patient Wallet - Patient Monitoring","","","should display global comment box with placeholder text",""
"passed","Mon Aug 24 08:24:02 UTC 2026","Mon Aug 24 08:24:39 UTC 2026","36488","","provider-portal/enrollment/EnrollmentFilterScenarios.spec.ts","Enrollment Filter Scenarios","","","1. Verify filter by Enrollment Date - Patients filtered correctly within date range",""
"passed","Mon Aug 24 08:32:12 UTC 2026","Mon Aug 24 08:32:44 UTC 2026","32105","","provider-portal/care-team-worklist/interaction-week4.spec.ts","Interaction - Week 4 RTM","","","should send Text message to patient from Week 4",""
"passed","Mon Aug 24 08:38:16 UTC 2026","Mon Aug 24 08:38:38 UTC 2026","22287","","provider-portal/alerts/alerts.spec.ts","Alerts - Cross-Feature Verification (Alerts ↔ Monitoring)","","","should reflect alert created on Alerts page in Monitoring summary",""
"failed","Mon Aug 24 08:24:56 UTC 2026","Mon Aug 24 08:26:01 UTC 2026","65032","","provider-portal/care-team-worklist/EnrollmentCompletion.spec.ts","Enrollment Completion Scenarios","","","Verify partial enrollment - Patient with less than 5 checkboxes checked remains in New",""
"skipped","Mon Aug 24 08:54:06 UTC 2026","Mon Aug 24 08:54:06 UTC 2026","6","","provider-portal/patient-wallet/care-plan-workflow.spec.ts","Patient Wallet - Care Plan Review, Progress & Export","","","AUT_CP_022 - should record a progress update via Change Status, percentage and note, then display it in the list",""
"passed","Mon Aug 24 08:35:06 UTC 2026","Mon Aug 24 08:35:33 UTC 2026","27052","","provider-portal/library/template-crud.spec.ts","Template CRUD Flow","","","should show no results for non-existent template search",""
"failed","Mon Aug 24 08:37:14 UTC 2026","Mon Aug 24 08:37:40 UTC 2026","26142","","provider-portal/monitoring/billing-enrollments-paid-status-workflow.spec.ts","Billing > Enrollments — paid-status workflow","","","update drawer shows existing data — opening Update on a paid row displays the saved Paid Status + Paid Date + Claim Number",""
"skipped","Mon Aug 24 08:23:05 UTC 2026","Mon Aug 24 08:23:05 UTC 2026","5","","admin-portal/Library/conditionCRUD.spec.ts","Admin Portal - ICD Code Condition Workflow","","","COND-4: Remove Condition from Favourites",""
"skipped","Mon Aug 24 08:32:44 UTC 2026","Mon Aug 24 08:33:04 UTC 2026","19166","","provider-portal/care-team-worklist/interaction-week4.spec.ts","Interaction - Week 4 RTM","","","should send App chat to patient from Week 4",""
"passed","Mon Aug 24 08:34:33 UTC 2026","Mon Aug 24 08:35:16 UTC 2026","43000","","provider-portal/library/assessment.spec.ts","Assessment Flow","","","should preserve questions after editing assessment title",""
"passed","Mon Aug 24 08:44:37 UTC 2026","Mon Aug 24 08:44:52 UTC 2026","14921","","provider-portal/task/task-view-filter.spec.ts","Task - View, Filter, Sort, Search & Pagination","","","AUT_TSK_030 - should verify TASK STATUS column displays valid status values",""
"passed","Mon Aug 24 08:40:24 UTC 2026","Mon Aug 24 08:40:46 UTC 2026","22269","","provider-portal/patient-wallet/patient-monitoring.spec.ts","Patient Wallet - Patient Monitoring","","","should start timer when play button is clicked",""
"passed","Mon Aug 24 08:29:53 UTC 2026","Mon Aug 24 08:30:13 UTC 2026","20695","","provider-portal/monitoring/billing-display-and-navigation.spec.ts","Billing — display & navigation","","","enrollments tab — clicking Enrollments > RPM opens the qualified patient list",""
"passed","Mon Aug 24 08:30:24 UTC 2026","Mon Aug 24 08:30:57 UTC 2026","33814","","provider-portal/care-team-worklist/interaction-week4.spec.ts","Interaction - Week 4 RTM","","","should complete Won Bingo activity with time entry",""
"passed","Mon Aug 24 08:33:43 UTC 2026","Mon Aug 24 08:33:56 UTC 2026","13781","","provider-portal/task/task-view-filter.spec.ts","Task - View, Filter, Sort, Search & Pagination","","","AUT_TSK_010 - should have My Tasks checked and ToDo status filter by default",""
"failed","Mon Aug 24 08:35:55 UTC 2026","Mon Aug 24 08:36:29 UTC 2026","33459","","provider-portal/monitoring/billing-enrollments-claim-workflow.spec.ts","Billing > Enrollments — claim workflow","","","mandatory validation — submitting with only Claim Date filled blocks submission and surfaces the right message(s)",""
"failed","Mon Aug 24 08:34:02 UTC 2026","Mon Aug 24 08:35:11 UTC 2026","68316","","provider-portal/provider-worklist/provider-resolves-escalated-visit.spec.ts","Provider resolves an escalated visit with note + status","","","John resolves the escalated visit (note + Status ""Close"") and it appears under Show Closed",""
"passed","Mon Aug 24 08:28:43 UTC 2026","Mon Aug 24 08:28:59 UTC 2026","15907","","provider-portal/global-features/search.spec.ts","Global Search","","","should find patient when searching by first 3 digits of phone number",""
"passed","Mon Aug 24 08:48:33 UTC 2026","Mon Aug 24 08:50:27 UTC 2026","113389","","provider-portal/documents/documents-full-workflow.spec.ts","Document - Unarchive and Assign","","","AUT_DOC_022 - Unarchive document, assign to patient, verify in patient charting",""
"passed","Mon Aug 24 08:27:52 UTC 2026","Mon Aug 24 08:28:03 UTC 2026","10922","","provider-portal/alerts/alerts.spec.ts","Alerts - Date Filters","","","should filter alerts by Start Date",""
"passed","Mon Aug 24 08:27:55 UTC 2026","Mon Aug 24 08:29:35 UTC 2026","99661","","provider-portal/provider-worklist/alert-resolution-timestamp.spec.ts","Resolution timestamp captured and displayed (AUT_PW_RES_008)","","","Resolved view shows today's date in the resolution timestamp column for the just-resolved alert",""
"passed","Mon Aug 24 08:40:09 UTC 2026","Mon Aug 24 08:40:55 UTC 2026","46802","","provider-portal/task/task-assign-provider.spec.ts","Task - Assigned Provider Verification","","","AUT_TSK_120 - Task assigned to provider is displayed in that provider Task section",""
"skipped","Mon Aug 24 08:54:06 UTC 2026","Mon Aug 24 08:54:06 UTC 2026","4","","provider-portal/patient-wallet/care-plan-workflow.spec.ts","Patient Wallet - Care Plan Review, Progress & Export","","","AUT_CP_025 - should expose Progress, No Progress and Regress in the Change Status dropdown",""
"passed","Mon Aug 24 08:43:47 UTC 2026","Mon Aug 24 08:44:05 UTC 2026","17839","","provider-portal/task/task-view-filter.spec.ts","Task - View, Filter, Sort, Search & Pagination","","","AUT_TSK_027 - should verify NAME column is sorted ascending by default",""
"passed","Mon Aug 24 08:26:20 UTC 2026","Mon Aug 24 08:26:57 UTC 2026","37010","","provider-portal/enrollment/EnrollmentFilterScenarios.spec.ts","Enrollment Filter Scenarios","","","5. Verify filter combination: Date + Status - Correct patients displayed",""
"passed","Mon Aug 24 08:28:56 UTC 2026","Mon Aug 24 08:29:16 UTC 2026","19461","","provider-portal/care-team-worklist/interaction-week4.spec.ts","Interaction - Week 4 RTM","","","should verify patient is listed in Week 4",""
"passed","Mon Aug 24 08:33:28 UTC 2026","Mon Aug 24 08:34:03 UTC 2026","35158","","provider-portal/library/assessment.spec.ts","Assessment Flow","","","should create assessments with each assessment type",""
"passed","Mon Aug 24 08:32:01 UTC 2026","Mon Aug 24 08:32:18 UTC 2026","17340","","provider-portal/monitoring/billing-enrollments-filters.spec.ts","Billing > Enrollments — filters","","","claim status filter — applying a Claim Status option filters the list (matching rows OR ""No data found."")",""
"skipped","Mon Aug 24 08:23:05 UTC 2026","Mon Aug 24 08:23:05 UTC 2026","11","","admin-portal/Library/careplanCRUD.spec.ts","Admin Portal - Care Plan CRUD","","","CCM-7: Create care plan covering all question types",""
"passed","Mon Aug 24 08:35:29 UTC 2026","Mon Aug 24 08:35:41 UTC 2026","12341","","provider-portal/settings/unity-users.spec.ts","Settings - Unity Users Tab","","","should navigate to Settings and land on Unity Users tab",""
"skipped","Mon Aug 24 08:27:27 UTC 2026","Mon Aug 24 08:27:27 UTC 2026","14","","provider-portal/enrollment-billing/rpm-billing-workflow.spec.ts","Enrollment Billing — RPM Workflow","","","5. Provider filter updates bucket counts dynamically",""
"skipped","Mon Aug 24 08:23:05 UTC 2026","Mon Aug 24 08:23:05 UTC 2026","8","","admin-portal/Library/careplanCRUD.spec.ts","Admin Portal - Care Plan CRUD","","","PCM-4: Save as draft, verify status, edit and finish to make active",""
"passed","Mon Aug 24 08:30:57 UTC 2026","Mon Aug 24 08:31:21 UTC 2026","23468","","provider-portal/care-team-worklist/interaction-week4.spec.ts","Interaction - Week 4 RTM","","","should verify monthly cycle completes after all Week 4 activities",""
"passed","Mon Aug 24 08:27:55 UTC 2026","Mon Aug 24 08:28:09 UTC 2026","14656","","provider-portal/global-features/search.spec.ts","Global Search","","","should display patient list when searching by last name",""
"passed","Mon Aug 24 08:35:26 UTC 2026","Mon Aug 24 08:35:34 UTC 2026","8063","","provider-portal/task/task-view-filter.spec.ts","Task - View, Filter, Sort, Search & Pagination","","","AUT_TSK_015 - should display correct options in service filter dropdown",""
"failed","Mon Aug 24 08:41:45 UTC 2026","Mon Aug 24 08:42:53 UTC 2026","68044","","provider-portal/settings/unity-users.spec.ts","Settings - Unity Users Tab","","","should open user profile from View Profile action menu",""
"skipped","Mon Aug 24 08:54:06 UTC 2026","Mon Aug 24 08:54:06 UTC 2026","5","","provider-portal/patient-wallet/care-plan-workflow.spec.ts","Patient Wallet - Care Plan Review, Progress & Export","","","AUT_CP_024 - should expose All, Goals, Barriers and Interventions in the Type filter dropdown",""
"passed","Mon Aug 24 08:33:57 UTC 2026","Mon Aug 24 08:34:10 UTC 2026","13492","","provider-portal/task/task-view-filter.spec.ts","Task - View, Filter, Sort, Search & Pagination","","","AUT_TSK_011 - should display correct options in status filter dropdown",""
"skipped","Mon Aug 24 08:41:24 UTC 2026","Mon Aug 24 08:41:24 UTC 2026","4","","provider-portal/patient-wallet/assessment-workflow.spec.ts","Patient Wallet - Assessment Workflow","","","AUT_ASM_002 - should render every required column on the patient's Assessment list",""
"passed","Mon Aug 24 08:49:14 UTC 2026","Mon Aug 24 08:49:29 UTC 2026","15048","","provider-portal/patient-wallet/patient-monitoring.spec.ts","Patient Wallet - Patient Monitoring","","","should click vital action eye icon to view details",""
"failed","Mon Aug 24 08:23:43 UTC 2026","Mon Aug 24 08:23:56 UTC 2026","13841","","provider-portal/patient-wallet/billing-month-filter.spec.ts","Billing module — month filter scopes displayed data","","","Picking a different month updates the Billing month filter, and reverting restores it",""
"passed","Mon Aug 24 08:40:55 UTC 2026","Mon Aug 24 08:41:49 UTC 2026","53172","","provider-portal/task/task-duedate-provider.spec.ts","Task - Due Date Provider Verification","","","AUT_TSK_126 - Task with due date is visible to assigned provider with correct date in task details",""
"skipped","Mon Aug 24 08:26:08 UTC 2026","Mon Aug 24 08:26:08 UTC 2026","1","","provider-portal/provider-worklist/alert-escalation-note-visible-to-receiver.spec.ts","Escalation note visible to receiving provider (AUT_PW_ESC_005)","","","Receiving provider can read the escalation note attached to the alert",""
"failed","Mon Aug 24 08:51:52 UTC 2026","Mon Aug 24 08:54:42 UTC 2026","170606","","provider-portal/monitoring/monitoring-02-data.spec.ts","Monitoring - Data Review","","","should display previous notes in View Review Note",""
"passed","Mon Aug 24 08:32:26 UTC 2026","Mon Aug 24 08:33:22 UTC 2026","55668","","provider-portal/provider-worklist/monitoring-alerts-date-filter.spec.ts","Date range filter applies to Monitoring Alerts (AUT_PW_FLT_001)","","","Date filter scopes the Monitoring Alerts table; row hides for a past date and reappears for today",""
"passed","Mon Aug 24 08:41:45 UTC 2026","Mon Aug 24 08:42:08 UTC 2026","22731","","provider-portal/patient-wallet/patient-monitoring.spec.ts","Patient Wallet - Patient Monitoring","","","should display play, pause, and stop control buttons",""
"passed","Mon Aug 24 08:32:27 UTC 2026","Mon Aug 24 08:33:20 UTC 2026","52679","","provider-portal/task/task-resolution.spec.ts","Task - Resolution","","","AUT_TSK_090 - E2E Task Resolution - Resolve task with current date and note, verify Done status",""
"skipped","Mon Aug 24 08:27:27 UTC 2026","Mon Aug 24 08:27:27 UTC 2026","13","","provider-portal/enrollment-billing/rpm-billing-workflow.spec.ts","Enrollment Billing — RPM Workflow","","","6. CPT 99453 appears at most once per patient (Initial Setup Rule)",""
"skipped","Mon Aug 24 08:27:27 UTC 2026","Mon Aug 24 08:27:27 UTC 2026","16","","provider-portal/enrollment-billing/rpm-billing-workflow.spec.ts","Enrollment Billing — RPM Workflow","","","3. End-to-end report — multiple patients CSV",""
"passed","Mon Aug 24 08:39:26 UTC 2026","Mon Aug 24 08:41:00 UTC 2026","94152","","provider-portal/patient-wallet/care-plan-workflow.spec.ts","Patient Wallet - Care Plan Form Operations","","","AUT_CP_007 - should persist a new care plan on Save and surface it in the review dropdown",""
"passed","Mon Aug 24 08:50:36 UTC 2026","Mon Aug 24 08:50:53 UTC 2026","16900","","provider-portal/patient-wallet/patient-monitoring.spec.ts","Patient Wallet - Patient Monitoring","","","should close Manual Time Entries drawer",""
"passed","Mon Aug 24 08:32:18 UTC 2026","Mon Aug 24 08:32:32 UTC 2026","14087","","provider-portal/monitoring/billing-enrollments-filters.spec.ts","Billing > Enrollments — filters","","","paid status filter — applying a Paid Status option filters the list (matching rows OR ""No data found."")",""
"skipped","Mon Aug 24 08:23:05 UTC 2026","Mon Aug 24 08:23:05 UTC 2026","6","","admin-portal/Library/conditionCRUD.spec.ts","Admin Portal - ICD Code Condition Workflow","","","COND-3: Mark Condition as Favourite",""
"passed","Mon Aug 24 08:25:04 UTC 2026","Mon Aug 24 08:26:22 UTC 2026","78468","","provider-portal/provider-worklist/alert-details.spec.ts","Alert displays correct patient/vital/value/last-connected (AUT_CROSS_008)","","","Alerts page row shows correct patient name, vital name, vital value, and last connected date",""
"failed","Mon Aug 24 09:03:19 UTC 2026","Mon Aug 24 09:06:10 UTC 2026","171304","","provider-portal/monitoring/monitoring-02-data.spec.ts","Monitoring - Data Review","","","should show reviewed status in Patient Chart Monitoring tab",""
"passed","Mon Aug 24 08:43:33 UTC 2026","Mon Aug 24 08:44:10 UTC 2026","36857","","provider-portal/patient-wallet/care-plan-workflow.spec.ts","Patient Wallet - Care Plan Form Operations","","","AUT_CP_014 - should discard modify changes when Cancel is clicked, leaving previous data intact",""
"passed","Mon Aug 24 08:43:20 UTC 2026","Mon Aug 24 08:43:47 UTC 2026","27556","","provider-portal/task/task-view-filter.spec.ts","Task - View, Filter, Sort, Search & Pagination","","","AUT_TSK_026 - should clear search and restore full task list",""
"failed","Mon Aug 24 09:31:28 UTC 2026","Mon Aug 24 09:34:16 UTC 2026","167780","","provider-portal/monitoring/monitoring-02-data.spec.ts","Monitoring - Data Review","","","should filter Data list by care manager",""
"failed","Mon Aug 24 09:19:14 UTC 2026","Mon Aug 24 09:21:37 UTC 2026","142823","","provider-portal/monitoring/monitoring-03-alerts.spec.ts","Monitoring - Alerts","","","should show monitoring page after escalation",""
"failed","Mon Aug 24 08:39:22 UTC 2026","Mon Aug 24 08:40:46 UTC 2026","84715","","provider-portal/patient-wallet/vitals.spec.ts","Provider Portal Vitals","","","Add Heart Rate vital and verify latest reading",""
"passed","Mon Aug 24 08:23:08 UTC 2026","Mon Aug 24 08:24:14 UTC 2026","65844","","provider-portal/_diag-data-rich.spec.ts","","","","diag: alert + active-enrollment richness",""
"passed","Mon Aug 24 08:51:14 UTC 2026","Mon Aug 24 08:51:30 UTC 2026","16688","","provider-portal/patient-wallet/patient-monitoring.spec.ts","Patient Wallet - Patient Monitoring","","","should click edit button and verify edit form opens",""
"passed","Mon Aug 24 08:38:33 UTC 2026","Mon Aug 24 08:38:46 UTC 2026","12806","","provider-portal/monitoring/monitoring-01-no-data.spec.ts","Monitoring - No Data","","","should display pagination and navigate between pages",""
"failed","Mon Aug 24 08:24:08 UTC 2026","Mon Aug 24 08:25:00 UTC 2026","51979","","provider-portal/patient-wallet/cpt-99457-below-threshold-no-qualification.spec.ts","Interaction Billing (RPM) — below-threshold does not qualify CPT 99457","","","logging 15 min on RPM keeps the patient OUT of Billing > Interaction > RPM (no CPT 99457 qualification)",""
"passed","Mon Aug 24 08:36:55 UTC 2026","Mon Aug 24 08:37:30 UTC 2026","35254","","provider-portal/settings/profile.spec.ts","Settings - Profile Tab","","","should terminate session after password change",""
"passed","Mon Aug 24 08:37:30 UTC 2026","Mon Aug 24 08:38:11 UTC 2026","41094","","provider-portal/settings/profile.spec.ts","Settings - Profile Tab","","","should login successfully with new password after change",""
"passed","Mon Aug 24 08:29:51 UTC 2026","Mon Aug 24 08:30:57 UTC 2026","66333","","provider-portal/patient-wallet/patient-chat.spec.ts","Provider Portal Patient Chat","","","should navigate to patient chart and send a chat message",""
"passed","Mon Aug 24 08:33:36 UTC 2026","Mon Aug 24 08:33:54 UTC 2026","17838","","provider-portal/care-team-worklist/interaction-week1.spec.ts","Interaction - Week 1 RTM","","","should complete Reach Out activity with manual time entry logged",""
"passed","Mon Aug 24 08:44:00 UTC 2026","Mon Aug 24 08:44:26 UTC 2026","25835","","provider-portal/settings/unity-users.spec.ts","Settings - Unity Users Tab","","","should not save changes when Edit is cancelled",""
"skipped","Mon Aug 24 08:27:27 UTC 2026","Mon Aug 24 08:27:27 UTC 2026","2","","provider-portal/enrollment-billing/rpm-billing-workflow.spec.ts","Enrollment Billing — RPM Workflow","","","11. Pagination — records-per-page + Next/Prev",""
"passed","Mon Aug 24 08:32:45 UTC 2026","Mon Aug 24 08:34:12 UTC 2026","87392","","provider-portal/alerts/alerts.spec.ts","Alerts - End-to-End Flows","","","E2E: should create Pain Scale alert and verify it appears on Alerts page",""
"skipped","Mon Aug 24 08:23:05 UTC 2026","Mon Aug 24 08:23:05 UTC 2026","4","","admin-portal/Library/templateCRUD.spec.ts","Admin Portal - Template End-to-End Flow","","","Should create and edit all service type templates",""
"failed","Mon Aug 24 09:14:28 UTC 2026","Mon Aug 24 09:16:51 UTC 2026","142997","","provider-portal/monitoring/monitoring-03-alerts.spec.ts","Monitoring - Alerts","","","should escalate alert to provider from Number of Alerts page",""
"passed","Mon Aug 24 08:35:41 UTC 2026","Mon Aug 24 08:36:03 UTC 2026","21257","","provider-portal/settings/unity-users.spec.ts","Settings - Unity Users Tab","","","should display all table columns correctly",""
"passed","Mon Aug 24 08:23:09 UTC 2026","Mon Aug 24 08:23:38 UTC 2026","29769","","admin-portal/admin-users.spec.ts","Admin Users Management","","","should add and delete an admin user",""
"passed","Mon Aug 24 08:29:14 UTC 2026","Mon Aug 24 08:30:45 UTC 2026","91221","","provider-portal/provider-worklist/alert-resolution-workflow.spec.ts","Alert Resolution Workflow (AUT_CROSS_005)","","","Provider receives alert → resolves with note → status updates in Care Team Worklist + Patient 360",""
"passed","Mon Aug 24 08:28:41 UTC 2026","Mon Aug 24 08:28:58 UTC 2026","16869","","provider-portal/alerts/alerts.spec.ts","Alerts - My Alerts Checkbox","","","should show all alerts when My Alerts checkbox is unchecked",""
"skipped","Mon Aug 24 08:27:27 UTC 2026","Mon Aug 24 08:27:27 UTC 2026","6","","provider-portal/enrollment-billing/rpm-billing-workflow.spec.ts","Enrollment Billing — RPM Workflow","","","10. Month filter functionality",""
"failed","Mon Aug 24 08:27:38 UTC 2026","Mon Aug 24 08:28:52 UTC 2026","73522","","provider-portal/care-team-worklist/activate-enrollment-rtm.spec.ts","Care Team Work List (RTM) — Activate Closed RTM Enrollment","","","activates a closed RTM enrollment and verifies status flips to Active",""
"passed","Mon Aug 24 08:34:28 UTC 2026","Mon Aug 24 08:35:06 UTC 2026","37749","","provider-portal/library/template-crud.spec.ts","Template CRUD Flow","","","should handle duplicate template name creation",""
"skipped","Mon Aug 24 08:23:05 UTC 2026","Mon Aug 24 08:23:05 UTC 2026","15","","admin-portal/Library/careplanCRUD.spec.ts","Admin Portal - Care Plan CRUD","","","CCM-2: View care plan and scroll, then cancel preview",""
"passed","Mon Aug 24 08:45:53 UTC 2026","Mon Aug 24 08:46:42 UTC 2026","48623","","provider-portal/task/task-add.spec.ts","Task - Add Task & Validations","","","AUT_TSK_011 - E2E Add Task Workflow - Fill all mandatory fields (Service, Patient, Action, Task Name, Assignee, Priority, Due Date, Note), save, verify task appears in list",""
"passed","Mon Aug 24 08:49:01 UTC 2026","Mon Aug 24 08:49:14 UTC 2026","13393","","provider-portal/patient-wallet/patient-monitoring.spec.ts","Patient Wallet - Patient Monitoring","","","should verify reviewed vital shows checked state",""
"passed","Mon Aug 24 08:31:43 UTC 2026","Mon Aug 24 08:32:00 UTC 2026","17615","","provider-portal/monitoring/billing-enrollments-filters.spec.ts","Billing > Enrollments — filters","","","provider filter — selecting ""All Providers"" shows rows from multiple distinct providers",""
"failed","Mon Aug 24 08:38:51 UTC 2026","Mon Aug 24 08:40:51 UTC 2026","119623","","provider-portal/patient-wallet/assessment-workflow.spec.ts","Patient Wallet - Assessment Workflow","","","AUT_ASM_001 - should complete the full assessment workflow — submit, status turns green, completion date recorded",""
"skipped","Mon Aug 24 08:50:02 UTC 2026","Mon Aug 24 08:50:02 UTC 2026","1","","provider-portal/library/care-plan.spec.ts","Care Plan Flow","","","should save as draft from edit mode",""
"failed","Mon Aug 24 08:30:01 UTC 2026","Mon Aug 24 08:30:23 UTC 2026","22007","","provider-portal/provider-worklist/alert-show-closed-reveals-resolved.spec.ts","ESCALATION — ""Show Closed"" reveals resolved/closed escalations","","","checking ""Show Closed"" surfaces closed escalations",""
"passed","Mon Aug 24 08:45:32 UTC 2026","Mon Aug 24 08:45:44 UTC 2026","12148","","provider-portal/task/task-reminder-notification.spec.ts","Task - Reminders & Notifications","","","AUT_TSK_056 - Verify reminder medium options - Email, Message, SMS available",""
"passed","Mon Aug 24 08:32:04 UTC 2026","Mon Aug 24 08:33:35 UTC 2026","91127","","provider-portal/care-team-worklist/interaction-week1.spec.ts","Interaction - Week 1 RTM","","","should verify existing patient appears in Week 1 interaction list",""
"skipped","Mon Aug 24 08:34:41 UTC 2026","Mon Aug 24 08:34:41 UTC 2026","9","","provider-portal/care-team-worklist/interaction-week1.spec.ts","Interaction - Week 1 RTM","","","should complete Challenge activity with manual time entry logged",""
"passed","Mon Aug 24 08:29:37 UTC 2026","Mon Aug 24 08:30:00 UTC 2026","22734","","provider-portal/care-team-worklist/interaction.spec.ts","Interaction - RTM (Dynamic Week)","","","should detect patient current week in RTM",""
"skipped","Mon Aug 24 08:23:46 UTC 2026","Mon Aug 24 08:23:59 UTC 2026","13342","","provider-portal/alerts/alerts.spec.ts","Alerts - Navigation & Page Load","","","should display alerts data in the table",""
"failed","Mon Aug 24 09:04:55 UTC 2026","Mon Aug 24 09:07:16 UTC 2026","140962","","provider-portal/monitoring/monitoring-03-alerts.spec.ts","Monitoring - Alerts","","","should send App chat to patient from Alerts section",""
"failed","Mon Aug 24 08:47:32 UTC 2026","Mon Aug 24 08:48:05 UTC 2026","33498","","provider-portal/library/care-plan.spec.ts","Care Plan Flow","","","should not save care plan when cancelled during creation",""
"passed","Mon Aug 24 08:33:04 UTC 2026","Mon Aug 24 08:33:18 UTC 2026","14590","","provider-portal/care-team-worklist/interaction-week4.spec.ts","Interaction - Week 4 RTM","","","should search for patient by name in Week 4 list",""
"failed","Mon Aug 24 08:25:18 UTC 2026","Mon Aug 24 08:27:07 UTC 2026","109295","","provider-portal/care-team-worklist/insurance-sync-enrollment-billing.spec.ts","Care Team Work List (RTM) — Insurance Data Sync","","","insurance data on Enrollment matches the Billing row",""
"failed","Mon Aug 24 09:24:00 UTC 2026","Mon Aug 24 09:26:21 UTC 2026","141447","","provider-portal/monitoring/monitoring-03-alerts.spec.ts","Monitoring - Alerts","","","should display escalation in Patient 360 Escalation section",""
"skipped","Mon Aug 24 08:27:12 UTC 2026","Mon Aug 24 08:28:02 UTC 2026","49760","","provider-portal/care-team-worklist/interaction-week3.spec.ts","Interaction - Week 3 RTM","","","should verify patient is listed in Week 3",""
"passed","Mon Aug 24 08:31:28 UTC 2026","Mon Aug 24 08:31:43 UTC 2026","14451","","provider-portal/monitoring/billing-enrollments-filters.spec.ts","Billing > Enrollments — filters","","","SelfPay checkbox — toggling it shows only SelfPay-insured rows",""
"failed","Mon Aug 24 08:26:16 UTC 2026","Mon Aug 24 08:26:41 UTC 2026","24845","","provider-portal/alerts/alerts.spec.ts","Alerts - Search Functionality","","","should restore all results when search is cleared",""
"passed","Mon Aug 24 08:47:19 UTC 2026","Mon Aug 24 08:47:32 UTC 2026","12277","","provider-portal/library/care-plan.spec.ts","Care Plan Flow","","","should open care plan in View Only mode with disabled fields",""
"failed","Mon Aug 24 08:34:41 UTC 2026","Mon Aug 24 08:38:58 UTC 2026","256925","","provider-portal/provider-worklist/care-team-alert-escalation-to-provider-worklist.spec.ts","Care Team alert escalation appears in Provider Worklist","","","Chirag escalates a Blood Glucose alert to Anny Vate; it appears in Anny's Provider Worklist",""
"passed","Mon Aug 24 08:30:12 UTC 2026","Mon Aug 24 08:30:32 UTC 2026","20653","","provider-portal/global-features/search.spec.ts","Global Search","","","should close the dropdown and clear input when search is cleared",""
"failed","Mon Aug 24 09:43:01 UTC 2026","Mon Aug 24 09:45:21 UTC 2026","139813","","provider-portal/monitoring/monitoring-03-alerts.spec.ts","Monitoring - Alerts","","","should update resolved status in Patient 360 Alerts section",""
"passed","Mon Aug 24 08:39:01 UTC 2026","Mon Aug 24 08:39:15 UTC 2026","13583","","provider-portal/task/task-add.spec.ts","Task - Add Task & Validations","","","AUT_TSK_001 - should navigate to Task page from sidebar",""
"passed","Mon Aug 24 08:35:17 UTC 2026","Mon Aug 24 08:35:46 UTC 2026","29033","","provider-portal/library/assessment.spec.ts","Assessment Flow","","","should display correct assessment type and creator in list",""
"passed","Mon Aug 24 08:36:31 UTC 2026","Mon Aug 24 08:36:46 UTC 2026","14456","","provider-portal/settings/profile.spec.ts","Settings - Profile Tab","","","should validate new password requirements",""
"passed","Mon Aug 24 08:28:03 UTC 2026","Mon Aug 24 08:28:18 UTC 2026","15300","","provider-portal/alerts/alerts.spec.ts","Alerts - Date Filters","","","should filter alerts by End Date",""
"failed","Mon Aug 24 08:55:07 UTC 2026","Mon Aug 24 08:57:31 UTC 2026","144395","","provider-portal/monitoring/monitoring-03-alerts.spec.ts","Monitoring - Alerts","","","should display pagination in Alerts list",""
"skipped","Mon Aug 24 08:32:59 UTC 2026","Mon Aug 24 08:32:59 UTC 2026","0","","provider-portal/provider-worklist/monitoring-clear-date-filter.spec.ts","Clearing date range filter shows all records (AUT_PW_FLT_004)","","","After clearing the date filter, the today-seeded row reappears regardless of date scoping",""
"failed","Mon Aug 24 08:33:28 UTC 2026","Mon Aug 24 08:34:00 UTC 2026","31884","","provider-portal/monitoring/billing-enrollments-claim-workflow.spec.ts","Billing > Enrollments — claim workflow","","","mandatory validation — submitting with both fields empty blocks submission and surfaces the right message(s)",""
"failed","Mon Aug 24 08:46:45 UTC 2026","Mon Aug 24 08:47:51 UTC 2026","65891","","provider-portal/task/task-view-filter.spec.ts","Task - View, Filter, Sort, Search & Pagination","","","AUT_TSK_035 - should filter tasks by date range in Call Center Tasks List",""
"passed","Mon Aug 24 08:26:56 UTC 2026","Mon Aug 24 08:29:47 UTC 2026","170766","","provider-portal/provider-worklist/alert-origin-visibility-after-escalation.spec.ts","Escalated alert remains in original provider's active view (AUT_CROSS_012)","","","After escalation, the patient row remains in Anny's default Monitoring Not-Resolved view",""
"failed","Mon Aug 24 09:38:21 UTC 2026","Mon Aug 24 09:40:39 UTC 2026","138769","","provider-portal/monitoring/monitoring-03-alerts.spec.ts","Monitoring - Alerts","","","should display resolved alerts in green color",""
"skipped","Mon Aug 24 08:26:26 UTC 2026","Mon Aug 24 08:27:11 UTC 2026","45673","","provider-portal/care-team-worklist/interaction-week2.spec.ts","Interaction - Week 2 RTM","","","should verify patient is listed in Week 2",""
"passed","Mon Aug 24 08:41:45 UTC 2026","Mon Aug 24 08:42:21 UTC 2026","36210","","provider-portal/patient-wallet/care-plan-workflow.spec.ts","Patient Wallet - Care Plan Form Operations","","","AUT_CP_009 - should navigate back via the Previous button in the care plan wizard",""
"passed","Mon Aug 24 08:39:15 UTC 2026","Mon Aug 24 08:39:23 UTC 2026","7593","","provider-portal/task/task-add.spec.ts","Task - Add Task & Validations","","","AUT_TSK_002 - should display all required column headers in task list",""
"skipped","Mon Aug 24 08:54:06 UTC 2026","Mon Aug 24 08:54:06 UTC 2026","3","","provider-portal/patient-wallet/care-plan-workflow.spec.ts","Patient Wallet - Care Plan Review, Progress & Export","","","AUT_CP_029 - should export the care plan report containing all care plan information",""
"passed","Mon Aug 24 08:32:55 UTC 2026","Mon Aug 24 08:33:20 UTC 2026","25369","","provider-portal/patient-wallet/care-plan-workflow.spec.ts","Patient Wallet - Care Plan List & Review","","","AUT_CP_003 - should list every assigned care plan title in the review dropdown",""
"passed","Mon Aug 24 08:35:34 UTC 2026","Mon Aug 24 08:35:55 UTC 2026","20629","","provider-portal/task/task-view-filter.spec.ts","Task - View, Filter, Sort, Search & Pagination","","","AUT_TSK_016 - should filter tasks by RPM service",""
"skipped","Mon Aug 24 08:23:10 UTC 2026","Mon Aug 24 08:23:47 UTC 2026","37625","","provider-portal/care-team-worklist/EnrollmentCompletion.spec.ts","Enrollment Completion Scenarios","","","Verify complete enrollment workflow - All 5 checkboxes checked moves patient to Active",""
"passed","Mon Aug 24 08:38:34 UTC 2026","Mon Aug 24 08:38:56 UTC 2026","21854","","provider-portal/settings/unity-users.spec.ts","Settings - Unity Users Tab","","","should not create user when Add is cancelled",""
"passed","Mon Aug 24 08:47:03 UTC 2026","Mon Aug 24 08:48:15 UTC 2026","71667","","provider-portal/task/task-reassignment.spec.ts","Task - Reassignment","","","AUT_TSK_084 - Verify task created with assignee appears under correct My Tasks worklist",""
"passed","Mon Aug 24 08:35:13 UTC 2026","Mon Aug 24 08:35:19 UTC 2026","5601","","provider-portal/settings/profile.spec.ts","Settings - Profile Tab","","","should navigate to Settings and land on Profile page",""
"passed","Mon Aug 24 08:44:16 UTC 2026","Mon Aug 24 08:45:02 UTC 2026","45749","","provider-portal/task/task-reminder-notification.spec.ts","Task - Reminders & Notifications","","","AUT_TSK_054 - Verify reminder triggers with 15 Days before due date",""
"passed","Mon Aug 24 08:32:26 UTC 2026","Mon Aug 24 08:32:45 UTC 2026","18434","","provider-portal/alerts/alerts.spec.ts","Alerts - Resolved View","","","should display resolved alert details with Resolved By and Resolved Date",""
"passed","Mon Aug 24 08:47:27 UTC 2026","Mon Aug 24 08:48:27 UTC 2026","59984","","provider-portal/task/task-add.spec.ts","Task - Add Task & Validations","","","AUT_TSK_015 - Verify priority assignment - High, Medium, Low priorities display with distinct color coding",""
"skipped","Mon Aug 24 08:29:09 UTC 2026","Mon Aug 24 08:29:20 UTC 2026","10695","","provider-portal/alerts/alerts.spec.ts","Alerts - Sorting","","","should sort alerts by Name descending",""
"skipped","Mon Aug 24 08:28:43 UTC 2026","Mon Aug 24 08:29:24 UTC 2026","40779","","provider-portal/care-team-worklist/interaction-week2.spec.ts","Interaction - Week 2 RTM","","","should verify multiple time entries are cumulative in Week 2",""
"failed","Mon Aug 24 08:38:30 UTC 2026","Mon Aug 24 08:38:55 UTC 2026","24470","","provider-portal/settings/profile.spec.ts","Settings - Profile Tab","","","should edit profile and verify changes reflect on profile page",""
"failed","Mon Aug 24 08:36:03 UTC 2026","Mon Aug 24 08:36:30 UTC 2026","27887","","provider-portal/monitoring/billing-enrollments-paid-status-workflow.spec.ts","Billing > Enrollments — paid-status workflow","","","paid status display — PAID STATUS and PAID DATE cells display exact saved values",""
"failed","Mon Aug 24 08:29:43 UTC 2026","Mon Aug 24 08:29:54 UTC 2026","10448","","provider-portal/monitoring/billing-bucket-counts.spec.ts","Billing — section-tile bucket counts","","","bucket counts display — every section tile shows valid non-negative integer counts for ""To Be Billed"" and ""Submitted""",""
"passed","Mon Aug 24 08:51:58 UTC 2026","Mon Aug 24 08:52:15 UTC 2026","17059","","provider-portal/patient-wallet/patient-monitoring.spec.ts","Patient Wallet - Patient Monitoring","","","should verify reviewed vital from worklist shows reviewed in Monitoring",""
"passed","Mon Aug 24 08:23:23 UTC 2026","Mon Aug 24 08:23:28 UTC 2026","5527","","admin-portal/login.spec.ts","Admin Portal Login Tests","","","Login with empty credentials",""
"skipped","Mon Aug 24 08:34:41 UTC 2026","Mon Aug 24 08:34:41 UTC 2026","7","","provider-portal/care-team-worklist/interaction-week1.spec.ts","Interaction - Week 1 RTM","","","should verify patient progresses to Week 2 after completing all Week 1 activities",""
"failed","Mon Aug 24 08:28:00 UTC 2026","Mon Aug 24 08:29:11 UTC 2026","70951","","provider-portal/library/care-plan-patient-chart-sync.spec.ts","Cross-Module: Care Plan → Patient Chart sync (AUT_CROSS_001)","","","Create care plan with Allergies + Medication sections, assign to patient, verify sync in patient chart",""
"passed","Mon Aug 24 08:40:51 UTC 2026","Mon Aug 24 08:43:21 UTC 2026","149657","","provider-portal/task/task-complete-verify.spec.ts","Task - Completed Task Verification","","","AUT_TSK_125 - Completed task is updated in both provider Task section and patient charting",""
"passed","Mon Aug 24 08:23:12 UTC 2026","Mon Aug 24 08:25:08 UTC 2026","116113","","provider-portal/enrollment/Closed-Enrollment.spec.ts","Provider Portal - Close Enrollment Tests","","","Verify Cancel button in Terminate Enrollment form closes form without terminating",""
"failed","Mon Aug 24 09:37:06 UTC 2026","Mon Aug 24 09:39:50 UTC 2026","164296","","provider-portal/monitoring/monitoring-02-data.spec.ts","Monitoring - Data Review","","","should display pagination in Data list",""
"passed","Mon Aug 24 08:24:30 UTC 2026","Mon Aug 24 08:25:08 UTC 2026","38643","","provider-portal/care-team-worklist/interaction-bulk.spec.ts","Interaction - Bulk Operations RTM","","","should send bulk App Chat with attachment",""
"failed","Mon Aug 24 08:37:52 UTC 2026","Mon Aug 24 08:38:09 UTC 2026","17536","","provider-portal/monitoring/billing-enrollments-claim-workflow.spec.ts","Billing > Enrollments — claim workflow","","","submit claim + mark paid E2E — N/A → Submitted → Paid",""
"passed","Mon Aug 24 08:38:59 UTC 2026","Mon Aug 24 08:39:20 UTC 2026","20550","","provider-portal/settings/profile.spec.ts","Settings - Profile Tab","","","should validate mandatory fields on Edit Profile",""
"failed","Mon Aug 24 08:52:54 UTC 2026","Mon Aug 24 08:53:14 UTC 2026","20159","","provider-portal/settings/unity-users.spec.ts","Settings - Unity Users Tab","","","should display all users in a scrollable list",""
"passed","Mon Aug 24 08:42:57 UTC 2026","Mon Aug 24 08:43:33 UTC 2026","36289","","provider-portal/settings/unity-users.spec.ts","Settings - Unity Users Tab","","","should edit a Unity User and verify changes in list",""
"passed","Mon Aug 24 08:46:23 UTC 2026","Mon Aug 24 08:46:46 UTC 2026","23191","","provider-portal/library/care-plan.spec.ts","Care Plan Flow","","","should navigate forward and backward with data retention",""
"passed","Mon Aug 24 08:29:35 UTC 2026","Mon Aug 24 08:30:17 UTC 2026","41674","","provider-portal/library/template-crud.spec.ts","Template CRUD Flow","","","should edit template name, type, and content and verify changes persist",""
"passed","Mon Aug 24 08:43:34 UTC 2026","Mon Aug 24 08:44:00 UTC 2026","25856","","provider-portal/settings/unity-users.spec.ts","Settings - Unity Users Tab","","","should auto-populate all fields when Edit is opened",""
"skipped","Mon Aug 24 08:23:05 UTC 2026","Mon Aug 24 08:23:05 UTC 2026","12","","admin-portal/Library/careplanCRUD.spec.ts","Admin Portal - Care Plan CRUD","","","CCM-6: Archive, view, unarchive, and delete care plan",""
"skipped","Mon Aug 24 08:23:05 UTC 2026","Mon Aug 24 08:23:05 UTC 2026","16","","admin-portal/Library/careplanCRUD.spec.ts","Admin Portal - Care Plan CRUD","","","CCM-1: Create CCM care plan and verify on admin and provider portal",""
"passed","Mon Aug 24 08:39:27 UTC 2026","Mon Aug 24 08:39:59 UTC 2026","32223","","provider-portal/settings/profile.spec.ts","Settings - Profile Tab","","","should persist profile data after logout and login",""
"skipped","Mon Aug 24 08:33:35 UTC 2026","Mon Aug 24 08:34:22 UTC 2026","47269","","provider-portal/care-team-worklist/interaction-week3.spec.ts","Interaction - Week 3 RTM","","","should send Text message to patient from Week 3",""
"skipped","Mon Aug 24 08:27:02 UTC 2026","Mon Aug 24 08:27:15 UTC 2026","13117","","provider-portal/alerts/alerts.spec.ts","Alerts - Status Filter","","","should show all alerts including resolved when All filter is selected",""
"skipped","Mon Aug 24 08:41:24 UTC 2026","Mon Aug 24 08:41:24 UTC 2026","1","","provider-portal/patient-wallet/assessment-workflow.spec.ts","Patient Wallet - Assessment Workflow","","","AUT_ASM_005 - should display all assigned assessment questions when opened via View action",""
"passed","Mon Aug 24 08:30:12 UTC 2026","Mon Aug 24 08:30:34 UTC 2026","22015","","provider-portal/alerts/alerts.spec.ts","Alerts - Resolve","","","should show Resolved By after resolving an alert",""
"passed","Mon Aug 24 08:32:58 UTC 2026","Mon Aug 24 08:33:28 UTC 2026","29900","","provider-portal/library/assessment.spec.ts","Assessment Flow","","","should navigate through assessment wizard steps correctly",""
"skipped","Mon Aug 24 08:28:51 UTC 2026","Mon Aug 24 08:29:37 UTC 2026","45957","","provider-portal/care-team-worklist/interaction-week3.spec.ts","Interaction - Week 3 RTM","","","should complete Follow Up Challenge activity with time entry",""
"passed","Mon Aug 24 08:43:27 UTC 2026","Mon Aug 24 08:43:55 UTC 2026","28221","","provider-portal/documents/documents-full-workflow.spec.ts","Document - Search","","","AUT_DOC_013 - Verify document search by file name",""
"passed","Mon Aug 24 08:29:23 UTC 2026","Mon Aug 24 08:30:33 UTC 2026","69312","","provider-portal/patient-wallet/patient-chart.spec.ts","Provider Portal Patient Chart","","","should navigate to patient chart and verify patient name",""
"passed","Mon Aug 24 08:42:15 UTC 2026","Mon Aug 24 08:42:34 UTC 2026","18891","","provider-portal/task/task-view-filter.spec.ts","Task - View, Filter, Sort, Search & Pagination","","","AUT_TSK_023 - should search tasks by patient name",""
"skipped","Mon Aug 24 08:34:41 UTC 2026","Mon Aug 24 08:34:41 UTC 2026","8","","provider-portal/care-team-worklist/interaction-week1.spec.ts","Interaction - Week 1 RTM","","","should complete Bingo activity with manual time entry logged",""
"passed","Mon Aug 24 08:35:55 UTC 2026","Mon Aug 24 08:36:28 UTC 2026","33329","","provider-portal/task/task-view-filter.spec.ts","Task - View, Filter, Sort, Search & Pagination","","","AUT_TSK_017 - should filter tasks by RTM service",""
"passed","Mon Aug 24 08:48:31 UTC 2026","Mon Aug 24 08:49:30 UTC 2026","58881","","provider-portal/task/task-reminder-notification.spec.ts","Task - Reminders & Notifications","","","AUT_TSK_061 - Verify reassigned task - only new assignee task appears under their My Tasks",""
"passed","Mon Aug 24 08:38:23 UTC 2026","Mon Aug 24 08:40:54 UTC 2026","151283","","provider-portal/provider-worklist/alert-lifecycle.spec.ts","Alert Lifecycle: assigned → resolved → Worklist updates (AUT_CROSS_006)","","","Alert generated in Worklist → assigned to Provider → Provider resolves → status updates in Worklist",""
"skipped","Mon Aug 24 08:30:55 UTC 2026","Mon Aug 24 08:31:40 UTC 2026","45081","","provider-portal/care-team-worklist/interaction-week2.spec.ts","Interaction - Week 2 RTM","","","should search for patient by name in Week 2 list",""
"passed","Mon Aug 24 08:38:19 UTC 2026","Mon Aug 24 08:40:18 UTC 2026","118829","","provider-portal/documents/documents-full-workflow.spec.ts","Document Library - Multi-Patient Assign","","","AUT_DOC_006 - Assign document to multiple patients and verify in each patient chart",""
"passed","Mon Aug 24 08:41:53 UTC 2026","Mon Aug 24 08:43:51 UTC 2026","118096","","provider-portal/task/task-add.spec.ts","Task - Add Task & Validations","","","AUT_TSK_006 - should create tasks for each service (RPM, RTM, CCM, PCM) and verify in list",""
"failed","Mon Aug 24 08:30:19 UTC 2026","Mon Aug 24 08:32:03 UTC 2026","104159","","provider-portal/library/icd-condition-sync.spec.ts","Cross-Module: Admin Condition → Provider dropdowns + edit propagation (AUT_CROSS_002)","","","Create condition in admin → verify ICD in provider Enrollment + Care Plan dropdowns → edit name in admin → verify updated name in dropdown",""
"passed","Mon Aug 24 08:36:47 UTC 2026","Mon Aug 24 08:38:19 UTC 2026","92513","","provider-portal/documents/documents-full-workflow.spec.ts","Document Library - Multiple Format Upload","","","AUT_DOC_003 - Upload documents in multiple formats (PDF, DOC, DOCX, JPG, PNG, Excel) and verify all upload successfully",""
"passed","Mon Aug 24 08:37:10 UTC 2026","Mon Aug 24 08:38:03 UTC 2026","52590","","provider-portal/monitoring/monitoring-01-no-data.spec.ts","Monitoring - No Data","","","should initiate call to patient from No Data page",""
"passed","Mon Aug 24 08:43:05 UTC 2026","Mon Aug 24 08:43:20 UTC 2026","14530","","provider-portal/task/task-view-filter.spec.ts","Task - View, Filter, Sort, Search & Pagination","","","AUT_TSK_025 - should show no data for non-existent search",""
"passed","Mon Aug 24 08:23:12 UTC 2026","Mon Aug 24 08:25:25 UTC 2026","132458","","provider-portal/enrollment/Modify-EnrollmentFlow.spec.ts","Provider Portal - Modify Enrollment Tests","","","Verify update enrollment - Update ICD codes, changes reflected in Enrollment List",""
"passed","Mon Aug 24 08:46:42 UTC 2026","Mon Aug 24 08:46:50 UTC 2026","8663","","provider-portal/task/task-add.spec.ts","Task - Add Task & Validations","","","AUT_TSK_012 - Verify mandatory field validation - Service, Patient, Action, Due Date, Assignee, Priority, Note are required",""
"passed","Mon Aug 24 08:48:09 UTC 2026","Mon Aug 24 08:48:29 UTC 2026","20040","","provider-portal/patient-wallet/patient-monitoring.spec.ts","Patient Wallet - Patient Monitoring","","","should display vital rows with data",""
"passed","Mon Aug 24 08:27:51 UTC 2026","Mon Aug 24 08:29:14 UTC 2026","82653","","provider-portal/provider-worklist/alert-provider-to-provider-escalation.spec.ts","Provider escalates alert to another Provider with note (AUT_CROSS_009)","","","john escalates an alert to anny with a note; escalation completes",""
"passed","Mon Aug 24 08:43:55 UTC 2026","Mon Aug 24 08:44:36 UTC 2026","40840","","provider-portal/documents/documents-full-workflow.spec.ts","Document - Signature Required and Notes","","","AUT_DOC_025 - Verify signature required option and notes during document upload",""
"passed","Mon Aug 24 08:27:53 UTC 2026","Mon Aug 24 08:30:57 UTC 2026","184318","","provider-portal/enrollment/ReEnrollmentFlow.spec.ts","","","","Verify the Activate Enrollment flow - Closed patient directly moves to Active section once enrollment activation is done",""
"passed","Mon Aug 24 08:45:44 UTC 2026","Mon Aug 24 08:45:56 UTC 2026","11762","","provider-portal/task/task-reminder-notification.spec.ts","Task - Reminders & Notifications","","","AUT_TSK_057 - Verify reminder modification - Set Reminder can be toggled on and off",""
"passed","Mon Aug 24 08:24:26 UTC 2026","Mon Aug 24 08:25:14 UTC 2026","48463","","provider-portal/documents/documents-full-workflow.spec.ts","Document - Archived Document Actions","","","AUT_DOC_023 - Verify actions available on archived documents",""
"passed","Mon Aug 24 08:46:55 UTC 2026","Mon Aug 24 08:47:12 UTC 2026","17004","","provider-portal/patient-wallet/patient-monitoring.spec.ts","Patient Wallet - Patient Monitoring","","","should display progress bar with time markers",""
"failed","Mon Aug 24 08:23:59 UTC 2026","Mon Aug 24 08:24:54 UTC 2026","55498","","provider-portal/patient-wallet/cpt-99457-99458-rpm-40min-qualification.spec.ts","Interaction Billing (RPM) — CPT 99457 + 99458 Qualification (40 min)","","","care coordinator logs 40 min on RPM — patient qualifies for both 99457 and 99458",""
"skipped","Mon Aug 24 08:23:05 UTC 2026","Mon Aug 24 08:23:05 UTC 2026","7","","admin-portal/Library/careplanCRUD.spec.ts","Admin Portal - Care Plan CRUD","","","PCM-6: Archive, view, unarchive, and delete care plan",""
"passed","Mon Aug 24 08:45:08 UTC 2026","Mon Aug 24 08:45:24 UTC 2026","16334","","provider-portal/task/task-view-filter.spec.ts","Task - View, Filter, Sort, Search & Pagination","","","AUT_TSK_032 - should load initial batch of records on page load",""
"passed","Mon Aug 24 08:45:30 UTC 2026","Mon Aug 24 08:47:34 UTC 2026","123691","","provider-portal/task/task-status-update.spec.ts","Task - Status Update Verification","","","AUT_TSK_123 - Task status update (ToDo → Done) is reflected in both provider view and patient charting",""
"passed","Mon Aug 24 08:42:57 UTC 2026","Mon Aug 24 08:43:52 UTC 2026","55360","","provider-portal/patient-wallet/patient-monitoring.spec.ts","Patient Wallet - Patient Monitoring","","","should open Escalate to Provider form when clicked",""
"skipped","Mon Aug 24 08:54:06 UTC 2026","Mon Aug 24 08:54:06 UTC 2026","6","","provider-portal/patient-wallet/care-plan-workflow.spec.ts","Patient Wallet - Care Plan Review, Progress & Export","","","AUT_CP_021 - should render every required column in the Care Plan Progress list",""
"passed","Mon Aug 24 08:45:45 UTC 2026","Mon Aug 24 08:46:03 UTC 2026","18375","","provider-portal/patient-wallet/patient-monitoring.spec.ts","Patient Wallet - Patient Monitoring","","","should display App Chat and Text Message filter chips",""
"passed","Mon Aug 24 08:40:18 UTC 2026","Mon Aug 24 08:42:36 UTC 2026","137943","","provider-portal/documents/documents-full-workflow.spec.ts","Document - Multi-Folder Assign to Same Patient","","","AUT_DOC_016 - Assign documents from different folders to same patient",""
"passed","Mon Aug 24 08:31:20 UTC 2026","Mon Aug 24 08:32:26 UTC 2026","65434","","provider-portal/provider-worklist/alert-visibility-scope.spec.ts","Provider sees alerts for patients in their primary-Provider scope (AUT_CROSS_007)","","","Provider opens default Monitoring view → sees the alert for a patient where they are the primary RTM Provider",""
"failed","Mon Aug 24 08:52:12 UTC 2026","Mon Aug 24 08:52:32 UTC 2026","19219","","provider-portal/settings/unity-users.spec.ts","Settings - Unity Users Tab","","","should verify column headers are clickable and list renders after click",""
"passed","Mon Aug 24 08:43:52 UTC 2026","Mon Aug 24 08:44:16 UTC 2026","23721","","provider-portal/patient-wallet/patient-monitoring.spec.ts","Patient Wallet - Patient Monitoring","","","should submit escalation with provider name and note",""
