"Status","Start Time","Stop Time","Duration in ms","Parent Suite","Suite","Sub Suite","Test Class","Test Method","Name","Description"
"passed","Wed May 13 07:58:10 UTC 2026","Wed May 13 07:58:25 UTC 2026","15459","","provider-portal/task/task-view-filter.spec.ts","Task - View, Filter, Sort, Search & Pagination","","","AUT_TSK_017 - should filter tasks by RTM service",""
"passed","Wed May 13 07:14:59 UTC 2026","Wed May 13 07:15:10 UTC 2026","11460","","provider-portal/task/task-add.spec.ts","Task - Add Task & Validations","","","AUT_TSK_003 - should show validation messages when saving Add Task form without filling required fields",""
"passed","Wed May 13 07:52:18 UTC 2026","Wed May 13 07:52:32 UTC 2026","13554","","provider-portal/patient-wallet/care-plan-workflow.spec.ts","Patient Wallet - Care Plan List & Review","","","AUT_CP_004 - should display the selected care plan in the review view by default",""
"passed","Wed May 13 07:17:11 UTC 2026","Wed May 13 07:17:22 UTC 2026","11134","","provider-portal/alerts/alerts.spec.ts","Alerts - Date Filters","","","should filter alerts by Start Date",""
"passed","Wed May 13 07:28:31 UTC 2026","Wed May 13 07:28:41 UTC 2026","9687","","provider-portal/library/template-crud.spec.ts","Template CRUD Flow","","","should handle long content in template",""
"skipped","Wed May 13 07:15:00 UTC 2026","Wed May 13 07:15:00 UTC 2026","5","","admin-portal/Library/careplanCRUD.spec.ts","Admin Portal - Care Plan CRUD","","","PCM-1: Create PCM care plan and verify on admin and provider portal",""
"passed","Wed May 13 07:36:22 UTC 2026","Wed May 13 07:36:33 UTC 2026","10176","","provider-portal/care-team-worklist/interaction-week1.spec.ts","Interaction - Week 1 RTM","","","should send App chat to patient from Week 1",""
"passed","Wed May 13 07:19:08 UTC 2026","Wed May 13 07:19:22 UTC 2026","13593","","provider-portal/library/care-plan.spec.ts","Care Plan Flow","","","should cancel care plan deletion and verify it remains",""
"skipped","Wed May 13 07:15:00 UTC 2026","Wed May 13 07:15:00 UTC 2026","7","","admin-portal/Library/careplanCRUD.spec.ts","Admin Portal - Care Plan CRUD","","","CCM-3: Edit care plan name and verify on admin and provider portal",""
"passed","Wed May 13 07:36:12 UTC 2026","Wed May 13 07:36:22 UTC 2026","10332","","provider-portal/care-team-worklist/interaction-week1.spec.ts","Interaction - Week 1 RTM","","","should send Text message to patient from Week 1",""
"skipped","Wed May 13 07:48:45 UTC 2026","Wed May 13 07:48:45 UTC 2026","1","","provider-portal/patient-wallet/assessment-workflow.spec.ts","Patient Wallet - Assessment Workflow","","","AUT_ASM_003 - should style Completed status pill green and Not Completed pill red",""
"passed","Wed May 13 07:27:16 UTC 2026","Wed May 13 07:27:31 UTC 2026","14860","","provider-portal/library/template-crud.spec.ts","Template CRUD Flow","","","should prevent saving template without mandatory fields",""
"passed","Wed May 13 07:22:34 UTC 2026","Wed May 13 07:22:43 UTC 2026","9131","","provider-portal/patient-wallet/patient-monitoring.spec.ts","Patient Wallet - Patient Monitoring","","","should display timer with initial value",""
"passed","Wed May 13 07:16:28 UTC 2026","Wed May 13 07:16:41 UTC 2026","13173","","provider-portal/alerts/alerts.spec.ts","Alerts - Status Filter","","","should show only Not Resolved alerts when Active filter is selected",""
"passed","Wed May 13 07:17:24 UTC 2026","Wed May 13 07:19:07 UTC 2026","102208","","provider-portal/task/task-add.spec.ts","Task - Add Task & Validations","","","AUT_TSK_006 - should create tasks for each service (RPM, RTM, CCM, PCM) and verify in list",""
"failed","Wed May 13 07:26:52 UTC 2026","Wed May 13 07:27:11 UTC 2026","19212","","provider-portal/patient-wallet/patient-monitoring.spec.ts","Patient Wallet - Patient Monitoring","","","should display all expected column headers",""
"passed","Wed May 13 07:16:53 UTC 2026","Wed May 13 07:17:11 UTC 2026","18041","","provider-portal/alerts/alerts.spec.ts","Alerts - Status Filter","","","should toggle between Active and All filters",""
"passed","Wed May 13 07:28:00 UTC 2026","Wed May 13 07:28:13 UTC 2026","13085","","provider-portal/library/template-crud.spec.ts","Template CRUD Flow","","","should handle duplicate template name creation",""
"passed","Wed May 13 07:47:45 UTC 2026","Wed May 13 07:48:19 UTC 2026","33889","","provider-portal/task/task-reminder-notification.spec.ts","Task - Reminders & Notifications","","","AUT_TSK_055 - Verify task creation without reminder - saves successfully without notifications",""
"passed","Wed May 13 07:15:05 UTC 2026","Wed May 13 07:15:07 UTC 2026","1767","","admin-portal/login.spec.ts","Admin Portal Login Tests","","","Login with empty credentials",""
"passed","Wed May 13 07:45:35 UTC 2026","Wed May 13 07:45:57 UTC 2026","22468","","provider-portal/settings/unity-users.spec.ts","Settings - Unity Users Tab","","","should delete a Unity User and verify removal from list",""
"passed","Wed May 13 07:57:32 UTC 2026","Wed May 13 07:57:55 UTC 2026","23013","","provider-portal/library/assessment.spec.ts","Assessment Flow","","","should edit assessment title and verify changes",""
"passed","Wed May 13 07:57:54 UTC 2026","Wed May 13 07:58:10 UTC 2026","15652","","provider-portal/task/task-view-filter.spec.ts","Task - View, Filter, Sort, Search & Pagination","","","AUT_TSK_016 - should filter tasks by RPM service",""
"passed","Wed May 13 07:22:17 UTC 2026","Wed May 13 07:22:25 UTC 2026","8704","","provider-portal/patient-wallet/patient-monitoring.spec.ts","Patient Wallet - Patient Monitoring","","","should display attachment icon in message area",""
"passed","Wed May 13 07:42:01 UTC 2026","Wed May 13 07:42:13 UTC 2026","11394","","provider-portal/task/task-recurring.spec.ts","Task - Recurring Tasks","","","AUT_TSK_073 - Verify recurring task recurrence options - Daily, Weekly, Monthly",""
"passed","Wed May 13 07:54:10 UTC 2026","Wed May 13 07:54:34 UTC 2026","24591","","provider-portal/library/assessment.spec.ts","Assessment Flow","","","should validate each question type in created assessment",""
"passed","Wed May 13 07:54:34 UTC 2026","Wed May 13 07:57:17 UTC 2026","163060","","provider-portal/library/assessment.spec.ts","Assessment Flow","","","should assign assessment to patient and verify in patient chart",""
"passed","Wed May 13 07:34:34 UTC 2026","Wed May 13 07:34:43 UTC 2026","9077","","provider-portal/patient-wallet/patient-monitoring.spec.ts","Patient Wallet - Patient Monitoring","","","should click profile button and verify patient profile view",""
"skipped","Wed May 13 07:15:00 UTC 2026","Wed May 13 07:15:00 UTC 2026","8","","admin-portal/Library/careplanCRUD.spec.ts","Admin Portal - Care Plan CRUD","","","CCM-1: Create CCM care plan and verify on admin and provider portal",""
"passed","Wed May 13 07:21:08 UTC 2026","Wed May 13 07:21:34 UTC 2026","25860","","provider-portal/library/care-plan.spec.ts","Care Plan Flow","","","should navigate forward and backward with data retention",""
"passed","Wed May 13 07:20:47 UTC 2026","Wed May 13 07:21:00 UTC 2026","12096","","provider-portal/alerts/alerts.spec.ts","Alerts - Resolved View","","","should display resolved alert details with Resolved By and Resolved Date",""
"passed","Wed May 13 07:14:43 UTC 2026","Wed May 13 07:15:00 UTC 2026","17488","","admin-portal/admin-users.spec.ts","Admin Users Management","","","should add and delete an admin user",""
"passed","Wed May 13 07:26:52 UTC 2026","Wed May 13 07:28:25 UTC 2026","92927","","provider-portal/task/task-delete-both.spec.ts","Task - Delete Both Provider & Patient Verification","","","AUT_TSK_127 - Deleted task is no longer visible in both provider Task section and patient charting",""
"passed","Wed May 13 07:21:19 UTC 2026","Wed May 13 07:21:28 UTC 2026","8972","","provider-portal/patient-wallet/patient-monitoring.spec.ts","Patient Wallet - Patient Monitoring","","","should display global comment box with placeholder text",""
"passed","Wed May 13 07:36:53 UTC 2026","Wed May 13 07:37:18 UTC 2026","25051","","provider-portal/patient-wallet/patient-task-workflow.spec.ts","Patient Wallet - Task Module Full Workflow","","","AUT_PT_001 - Patient Wallet Task Workflow — create, filter, edit, reassign, resolve, delete",""
"skipped","Wed May 13 07:40:41 UTC 2026","Wed May 13 07:40:41 UTC 2026","4","","provider-portal/care-team-worklist/interaction-week3.spec.ts","Interaction - Week 3 RTM","","","should complete Follow Up Bingo activity with time entry",""
"passed","Wed May 13 07:34:38 UTC 2026","Wed May 13 07:34:49 UTC 2026","10648","","provider-portal/care-team-worklist/interaction-week1.spec.ts","Interaction - Week 1 RTM","","","should complete Update EHR Chart activity with manual time entry logged",""
"passed","Wed May 13 07:49:19 UTC 2026","Wed May 13 07:49:30 UTC 2026","11004","","provider-portal/enrollment/Modify-EnrollmentFlow.spec.ts","Provider Portal - Modify Enrollment Tests","","","Verify complete modify enrollment workflow - Update ICD codes, Care Manager, Provider, Insurance",""
"passed","Wed May 13 07:16:43 UTC 2026","Wed May 13 07:17:05 UTC 2026","21899","","provider-portal/care-team-worklist/interaction.spec.ts","Interaction - RTM (Dynamic Week)","","","should detect patient current week in RTM",""
"passed","Wed May 13 07:34:25 UTC 2026","Wed May 13 07:35:56 UTC 2026","91779","","provider-portal/documents/documents-full-workflow.spec.ts","Document Library - Tag-Based Folder Routing","","","AUT_DOC_005 - Upload documents with different tags and verify each routes to correct folder",""
"passed","Wed May 13 07:39:24 UTC 2026","Wed May 13 07:40:02 UTC 2026","37416","","provider-portal/task/task-recurring.spec.ts","Task - Recurring Tasks","","","AUT_TSK_070 - E2E Recurring Task Creation - Daily recurrence",""
"passed","Wed May 13 07:33:48 UTC 2026","Wed May 13 07:34:09 UTC 2026","21325","","provider-portal/monitoring/monitoring-02-data.spec.ts","Monitoring - Data Review","","","should show reviewed status in Patient Chart Monitoring tab",""
"passed","Wed May 13 07:28:13 UTC 2026","Wed May 13 07:28:22 UTC 2026","8304","","provider-portal/library/template-crud.spec.ts","Template CRUD Flow","","","should show no results for non-existent template search",""
"passed","Wed May 13 07:22:56 UTC 2026","Wed May 13 07:23:05 UTC 2026","9149","","provider-portal/patient-wallet/patient-monitoring.spec.ts","Patient Wallet - Patient Monitoring","","","should pause timer when pause button is clicked",""
"passed","Wed May 13 07:44:52 UTC 2026","Wed May 13 07:45:07 UTC 2026","15358","","provider-portal/enrollment/EnrollmentFilterScenarios.spec.ts","Enrollment Filter Scenarios","","","3. Verify filter by Program (RPM/RTM/CCM) - Patients filtered correctly by program type",""
"passed","Wed May 13 07:38:52 UTC 2026","Wed May 13 07:39:03 UTC 2026","10577","","provider-portal/monitoring/monitoring-03-alerts.spec.ts","Monitoring - Alerts","","","should display unresolved alerts in red color",""
"passed","Wed May 13 07:23:47 UTC 2026","Wed May 13 07:24:36 UTC 2026","49153","","provider-portal/task/task-assign-provider.spec.ts","Task - Assigned Provider Verification","","","AUT_TSK_120 - Task assigned to provider is displayed in that provider Task section",""
"passed","Wed May 13 07:53:06 UTC 2026","Wed May 13 07:53:53 UTC 2026","47009","","provider-portal/task/task-resolution.spec.ts","Task - Resolution","","","AUT_TSK_091 - Verify resolved task displays Done status in task list",""
"passed","Wed May 13 08:02:42 UTC 2026","Wed May 13 08:03:42 UTC 2026","59443","","provider-portal/task/task-view-filter.spec.ts","Task - View, Filter, Sort, Search & Pagination","","","AUT_TSK_022 - should display only tasks assigned to logged-in care manager when My Tasks is checked",""
"passed","Wed May 13 08:07:05 UTC 2026","Wed May 13 08:07:21 UTC 2026","16222","","provider-portal/patient-wallet/care-plan-workflow.spec.ts","Patient Wallet - Care Plan Review, Progress & Export","","","AUT_CP_027 - should paginate the Care Plan Progress list at 10 records per page",""
"passed","Wed May 13 07:52:09 UTC 2026","Wed May 13 07:52:18 UTC 2026","9347","","provider-portal/global-features/search.spec.ts","Global Search","","","should display patient list when searching by last name",""
"skipped","Wed May 13 07:40:41 UTC 2026","Wed May 13 07:40:41 UTC 2026","5","","provider-portal/care-team-worklist/interaction-week3.spec.ts","Interaction - Week 3 RTM","","","should complete Follow Up Challenge activity with time entry",""
"passed","Wed May 13 07:33:30 UTC 2026","Wed May 13 07:33:48 UTC 2026","17374","","provider-portal/monitoring/monitoring-02-data.spec.ts","Monitoring - Data Review","","","should bulk review all patients at once",""
"skipped","Wed May 13 07:40:41 UTC 2026","Wed May 13 07:40:41 UTC 2026","4","","provider-portal/care-team-worklist/interaction-week3.spec.ts","Interaction - Week 3 RTM","","","should complete Follow Up Exercise Program activity with time entry",""
"passed","Wed May 13 07:41:36 UTC 2026","Wed May 13 07:41:45 UTC 2026","8879","","provider-portal/settings/unity-users.spec.ts","Settings - Unity Users Tab","","","should display all table columns correctly",""
"passed","Wed May 13 07:34:28 UTC 2026","Wed May 13 07:34:38 UTC 2026","10278","","provider-portal/care-team-worklist/interaction-week1.spec.ts","Interaction - Week 1 RTM","","","should complete Reach Out activity with manual time entry logged",""
"passed","Wed May 13 07:19:22 UTC 2026","Wed May 13 07:19:59 UTC 2026","37618","","provider-portal/library/care-plan.spec.ts","Care Plan Flow","","","should add 5+ questions with different types to a single section",""
"passed","Wed May 13 07:22:10 UTC 2026","Wed May 13 07:22:25 UTC 2026","14893","","provider-portal/library/care-plan.spec.ts","Care Plan Flow","","","should open care plan in View Only mode with disabled fields",""
"passed","Wed May 13 07:18:16 UTC 2026","Wed May 13 07:18:38 UTC 2026","21686","","provider-portal/care-team-worklist/interaction.spec.ts","Interaction - RTM (Dynamic Week)","","","should send Text message to patient",""
"skipped","Wed May 13 07:15:00 UTC 2026","Wed May 13 07:15:00 UTC 2026","7","","admin-portal/Library/careplanCRUD.spec.ts","Admin Portal - Care Plan CRUD","","","CCM-2: View care plan and scroll, then cancel preview",""
"passed","Wed May 13 07:39:21 UTC 2026","Wed May 13 07:39:33 UTC 2026","11870","","provider-portal/settings/profile.spec.ts","Settings - Profile Tab","","","should validate new password requirements",""
"passed","Wed May 13 08:04:52 UTC 2026","Wed May 13 08:05:09 UTC 2026","16670","","provider-portal/patient-wallet/care-plan-workflow.spec.ts","Patient Wallet - Care Plan Review, Progress & Export","","","AUT_CP_016 - should display the logged-in user's name on the Close Care Plan page",""
"failed","Wed May 13 07:37:34 UTC 2026","Wed May 13 07:37:49 UTC 2026","15136","","provider-portal/documents/documents-full-workflow.spec.ts","Document Library - Upload","","","AUT_DOC_001 - E2E Document Upload - Upload to Education folder with all fields, verify in correct folder",""
"passed","Wed May 13 07:51:10 UTC 2026","Wed May 13 07:52:17 UTC 2026","66482","","provider-portal/task/task-reminder-notification.spec.ts","Task - Reminders & Notifications","","","AUT_TSK_061 - Verify reassigned task - only new assignee task appears under their My Tasks",""
"passed","Wed May 13 07:49:08 UTC 2026","Wed May 13 07:49:19 UTC 2026","10806","","provider-portal/enrollment/Modify-EnrollmentFlow.spec.ts","Provider Portal - Modify Enrollment Tests","","","Verify update enrollment - Update ICD codes, changes reflected in Enrollment List",""
"passed","Wed May 13 07:34:24 UTC 2026","Wed May 13 07:34:46 UTC 2026","21981","","provider-portal/monitoring/monitoring-02-data.spec.ts","Monitoring - Data Review","","","should send Text message to patient from Data section",""
"passed","Wed May 13 07:47:07 UTC 2026","Wed May 13 07:48:52 UTC 2026","105181","","provider-portal/enrollment/EnrollmentFormVerification.spec.ts","","","","Verify Care Manager assignment and multi-diagnoses selection in Enrollment form",""
"passed","Wed May 13 07:25:12 UTC 2026","Wed May 13 07:25:22 UTC 2026","9486","","provider-portal/patient-wallet/patient-monitoring.spec.ts","Patient Wallet - Patient Monitoring","","","should display progress bar with time markers",""
"passed","Wed May 13 07:48:41 UTC 2026","Wed May 13 07:50:14 UTC 2026","92334","","provider-portal/task/task-reminder-notification.spec.ts","Task - Reminders & Notifications","","","AUT_TSK_058 - Verify provider receives notification when task with reminder is created",""
"passed","Wed May 13 07:50:14 UTC 2026","Wed May 13 07:50:29 UTC 2026","15590","","provider-portal/patient-wallet/care-plan-workflow.spec.ts","Patient Wallet - Care Plan List & Review","","","AUT_CP_002 - should display all assigned care plans in the patient's care plan list",""
"failed","Wed May 13 08:01:59 UTC 2026","Wed May 13 08:02:17 UTC 2026","18383","","provider-portal/patient-wallet/care-plan-workflow.spec.ts","Patient Wallet - Care Plan Form Operations","","","AUT_CP_012 - should open the modify form pre-populated with the assigned plan's data",""
"passed","Wed May 13 07:28:55 UTC 2026","Wed May 13 07:30:30 UTC 2026","95359","","provider-portal/alerts/alerts.spec.ts","Alerts - View Resolved Note & Action Menu State","","","E2E: should resolve alert with note and verify note via View Resolved Note",""
"passed","Wed May 13 07:25:19 UTC 2026","Wed May 13 07:26:57 UTC 2026","98270","","provider-portal/alerts/alerts.spec.ts","Alerts - Cross-Feature Verification (Alerts ↔ Monitoring)","","","should show resolved alerts on Alerts page after resolving from Alerts, and verify Monitoring Resolved count",""
"passed","Wed May 13 08:06:59 UTC 2026","Wed May 13 08:07:52 UTC 2026","52370","","provider-portal/task/task-view-filter.spec.ts","Task - View, Filter, Sort, Search & Pagination","","","AUT_TSK_035 - should filter tasks by date range in Call Center Tasks List",""
"failed","Wed May 13 07:31:45 UTC 2026","Wed May 13 07:32:02 UTC 2026","17364","","provider-portal/patient-wallet/patient-monitoring.spec.ts","Patient Wallet - Patient Monitoring","","","should add a new vital entry via Add Data",""
"passed","Wed May 13 07:35:08 UTC 2026","Wed May 13 07:35:55 UTC 2026","46739","","provider-portal/task/task-reassignment.spec.ts","Task - Reassignment","","","AUT_TSK_083 - Verify task history - Reassigned task shows updated assignee in list",""
"passed","Wed May 13 07:28:41 UTC 2026","Wed May 13 07:28:55 UTC 2026","14259","","provider-portal/alerts/alerts.spec.ts","Alerts - View Resolved Note & Action Menu State","","","should display resolution note when clicking View Resolved Note",""
"passed","Wed May 13 07:38:06 UTC 2026","Wed May 13 07:38:16 UTC 2026","10190","","provider-portal/care-team-worklist/interaction-week2.spec.ts","Interaction - Week 2 RTM","","","should search for patient by name in Week 2 list",""
"passed","Wed May 13 07:18:38 UTC 2026","Wed May 13 07:19:00 UTC 2026","22148","","provider-portal/care-team-worklist/interaction.spec.ts","Interaction - RTM (Dynamic Week)","","","should send App chat to patient",""
"skipped","Wed May 13 07:15:00 UTC 2026","Wed May 13 07:15:00 UTC 2026","2","","admin-portal/Library/conditionCRUD.spec.ts","Admin Portal - ICD Code Condition Workflow","","","COND-4: Remove Condition from Favourites",""
"passed","Wed May 13 07:15:23 UTC 2026","Wed May 13 07:15:33 UTC 2026","10257","","provider-portal/care-team-worklist/interaction-week4.spec.ts","Interaction - Week 4 RTM","","","should complete Won Challenge activity with time entry",""
"passed","Wed May 13 07:41:55 UTC 2026","Wed May 13 07:42:06 UTC 2026","10407","","provider-portal/settings/unity-users.spec.ts","Settings - Unity Users Tab","","","should show no results for non-existent user search",""
"passed","Wed May 13 07:22:25 UTC 2026","Wed May 13 07:22:53 UTC 2026","28964","","provider-portal/library/care-plan.spec.ts","Care Plan Flow","","","should not save care plan when cancelled during creation",""
"passed","Wed May 13 08:07:21 UTC 2026","Wed May 13 08:07:37 UTC 2026","16017","","provider-portal/patient-wallet/care-plan-workflow.spec.ts","Patient Wallet - Care Plan Review, Progress & Export","","","AUT_CP_028 - should navigate Care Plan Progress pagination via next and previous arrows",""
"passed","Wed May 13 07:33:13 UTC 2026","Wed May 13 07:33:30 UTC 2026","17439","","provider-portal/monitoring/monitoring-02-data.spec.ts","Monitoring - Data Review","","","should display previous notes in View Review Note",""
"passed","Wed May 13 07:23:52 UTC 2026","Wed May 13 07:24:05 UTC 2026","13243","","provider-portal/patient-wallet/patient-monitoring.spec.ts","Patient Wallet - Patient Monitoring","","","should submit escalation with provider name and note",""
"passed","Wed May 13 07:38:58 UTC 2026","Wed May 13 07:39:21 UTC 2026","23362","","provider-portal/settings/profile.spec.ts","Settings - Profile Tab","","","should change password successfully and verify success message",""
"passed","Wed May 13 08:00:20 UTC 2026","Wed May 13 08:00:42 UTC 2026","21732","","provider-portal/library/assessment.spec.ts","Assessment Flow","","","should display correct assessment type and creator in list",""
"passed","Wed May 13 07:53:45 UTC 2026","Wed May 13 07:54:10 UTC 2026","24288","","provider-portal/library/assessment.spec.ts","Assessment Flow","","","should create assessment with all question types, preview, finish and verify in list",""
"passed","Wed May 13 08:05:20 UTC 2026","Wed May 13 08:05:34 UTC 2026","13143","","provider-portal/task/task-view-filter.spec.ts","Task - View, Filter, Sort, Search & Pagination","","","AUT_TSK_028 - should verify SERVICE column displays valid service values",""
"skipped","Wed May 13 07:15:00 UTC 2026","Wed May 13 07:15:00 UTC 2026","3","","admin-portal/Library/careplanCRUD.spec.ts","Admin Portal - Care Plan CRUD","","","PCM-6: Archive, view, unarchive, and delete care plan",""
"passed","Wed May 13 07:58:56 UTC 2026","Wed May 13 07:59:11 UTC 2026","14288","","provider-portal/library/assessment.spec.ts","Assessment Flow","","","should navigate through assessment wizard steps correctly",""
"passed","Wed May 13 07:15:03 UTC 2026","Wed May 13 07:15:05 UTC 2026","1582","","admin-portal/login.spec.ts","Admin Portal Login Tests","","","Failed login with invalid credentials",""
"passed","Wed May 13 07:16:13 UTC 2026","Wed May 13 07:16:23 UTC 2026","10045","","provider-portal/care-team-worklist/interaction-week4.spec.ts","Interaction - Week 4 RTM","","","should send App chat to patient from Week 4",""
"passed","Wed May 13 07:44:04 UTC 2026","Wed May 13 07:44:20 UTC 2026","16355","","provider-portal/enrollment/CreateNEnrollPatient.spec.ts","","","","Patient Onboarding and Enrollment 1",""
"failed","Wed May 13 07:26:21 UTC 2026","Wed May 13 07:26:31 UTC 2026","9575","","provider-portal/patient-wallet/patient-monitoring.spec.ts","Patient Wallet - Patient Monitoring","","","should display LATEST READING table heading",""
"passed","Wed May 13 07:42:13 UTC 2026","Wed May 13 07:42:24 UTC 2026","11213","","provider-portal/task/task-recurring.spec.ts","Task - Recurring Tasks","","","AUT_TSK_074 - Verify Recurring Task checkbox toggle on and off",""
"passed","Wed May 13 07:37:56 UTC 2026","Wed May 13 07:38:06 UTC 2026","10368","","provider-portal/care-team-worklist/interaction-week2.spec.ts","Interaction - Week 2 RTM","","","should send App chat to patient from Week 2",""
"passed","Wed May 13 07:18:42 UTC 2026","Wed May 13 07:18:53 UTC 2026","11094","","provider-portal/alerts/alerts.spec.ts","Alerts - Resolve","","","should display Escalate and Resolve options in action menu",""
"passed","Wed May 13 07:16:33 UTC 2026","Wed May 13 07:16:43 UTC 2026","9831","","provider-portal/care-team-worklist/interaction-week4.spec.ts","Interaction - Week 4 RTM","","","should filter Week 4 list by care manager",""
"skipped","Wed May 13 08:03:37 UTC 2026","Wed May 13 08:03:37 UTC 2026","1","","provider-portal/patient-wallet/care-plan-workflow.spec.ts","Patient Wallet - Care Plan Form Operations","","","AUT_CP_010 - should complete the modify care plan workflow — open, edit, save, updated plan displays",""
"passed","Wed May 13 07:19:25 UTC 2026","Wed May 13 07:19:37 UTC 2026","11647","","provider-portal/alerts/alerts.spec.ts","Alerts - Resolve","","","should show Resolved Date after resolving an alert",""
"passed","Wed May 13 07:15:53 UTC 2026","Wed May 13 07:16:03 UTC 2026","10036","","provider-portal/care-team-worklist/interaction-week4.spec.ts","Interaction - Week 4 RTM","","","should verify multiple time entries are cumulative in Week 4",""
"passed","Wed May 13 07:15:12 UTC 2026","Wed May 13 07:15:23 UTC 2026","10287","","provider-portal/care-team-worklist/interaction-week4.spec.ts","Interaction - Week 4 RTM","","","should complete Patient Summary activity with time entry",""
"passed","Wed May 13 07:21:34 UTC 2026","Wed May 13 07:22:10 UTC 2026","35519","","provider-portal/library/care-plan.spec.ts","Care Plan Flow","","","should archive a care plan and verify Show Archived toggle",""
"passed","Wed May 13 08:00:47 UTC 2026","Wed May 13 08:02:42 UTC 2026","115091","","provider-portal/task/task-view-filter.spec.ts","Task - View, Filter, Sort, Search & Pagination","","","AUT_TSK_021 - should verify each action filter shows only its own tasks",""
"passed","Wed May 13 07:45:57 UTC 2026","Wed May 13 07:46:21 UTC 2026","23356","","provider-portal/settings/unity-users.spec.ts","Settings - Unity Users Tab","","","should remove user from list after delete action",""
"passed","Wed May 13 07:35:50 UTC 2026","Wed May 13 07:36:07 UTC 2026","17409","","provider-portal/patient-wallet/patient-monitoring.spec.ts","Patient Wallet - Patient Monitoring","","","should verify reviewed vital from worklist shows reviewed in Monitoring",""
"passed","Wed May 13 07:19:07 UTC 2026","Wed May 13 07:20:46 UTC 2026","99088","","provider-portal/task/task-add.spec.ts","Task - Add Task & Validations","","","AUT_TSK_007 - should create tasks for each action type (Call, Message, Email, SMS) and verify in list",""
"passed","Wed May 13 07:42:15 UTC 2026","Wed May 13 07:42:34 UTC 2026","18997","","provider-portal/monitoring/monitoring-03-alerts.spec.ts","Monitoring - Alerts","","","should escalate alert to provider from Action button",""
"passed","Wed May 13 07:41:45 UTC 2026","Wed May 13 07:41:55 UTC 2026","10534","","provider-portal/settings/unity-users.spec.ts","Settings - Unity Users Tab","","","should search for a user by name and show filtered results",""
"passed","Wed May 13 07:41:37 UTC 2026","Wed May 13 07:41:56 UTC 2026","18952","","provider-portal/monitoring/monitoring-03-alerts.spec.ts","Monitoring - Alerts","","","should send Text message to patient from Alerts section",""
"passed","Wed May 13 07:18:03 UTC 2026","Wed May 13 07:18:16 UTC 2026","13551","","provider-portal/care-team-worklist/interaction.spec.ts","Interaction - RTM (Dynamic Week)","","","should verify week progression or cycle completion",""
"passed","Wed May 13 07:25:59 UTC 2026","Wed May 13 07:26:09 UTC 2026","10185","","provider-portal/library/template-crud.spec.ts","Template CRUD Flow","","","should create template and verify it displays in template list",""
"passed","Wed May 13 07:43:15 UTC 2026","Wed May 13 07:43:43 UTC 2026","28018","","provider-portal/monitoring/monitoring-03-alerts.spec.ts","Monitoring - Alerts","","","should display escalation in Patient 360 Escalation section",""
"passed","Wed May 13 07:39:43 UTC 2026","Wed May 13 07:40:08 UTC 2026","24279","","provider-portal/settings/profile.spec.ts","Settings - Profile Tab","","","should terminate session after password change",""
"passed","Wed May 13 07:32:10 UTC 2026","Wed May 13 07:32:53 UTC 2026","42970","","provider-portal/documents/documents-full-workflow.spec.ts","Document - No Cross-Contamination","","","AUT_DOC_015 - Verify documents do not cross-contaminate between folders",""
"passed","Wed May 13 07:52:03 UTC 2026","Wed May 13 07:52:18 UTC 2026","15070","","provider-portal/patient-wallet/care-plan-workflow.spec.ts","Patient Wallet - Care Plan List & Review","","","AUT_CP_003 - should list every assigned care plan title in the review dropdown",""
"passed","Wed May 13 07:21:00 UTC 2026","Wed May 13 07:22:22 UTC 2026","82830","","provider-portal/alerts/alerts.spec.ts","Alerts - End-to-End Flows","","","E2E: should create Pain Scale alert and verify it appears on Alerts page",""
"passed","Wed May 13 07:16:08 UTC 2026","Wed May 13 07:16:18 UTC 2026","9393","","provider-portal/patient-wallet/patient-chat.spec.ts","Provider Portal Patient Chat","","","should navigate to patient chart and send a chat message",""
"passed","Wed May 13 07:22:09 UTC 2026","Wed May 13 07:22:23 UTC 2026","13902","","provider-portal/task/task-add.spec.ts","Task - Add Task & Validations","","","AUT_TSK_013 - Verify due date validation - Past dates are not accepted",""
"failed","Wed May 13 07:20:25 UTC 2026","Wed May 13 07:20:49 UTC 2026","24110","","provider-portal/patient-wallet/patient-monitoring.spec.ts","Patient Wallet - Patient Monitoring","","","should open Patient Wallet with Monitoring tab as default",""
"passed","Wed May 13 07:42:54 UTC 2026","Wed May 13 07:43:15 UTC 2026","20847","","provider-portal/monitoring/monitoring-03-alerts.spec.ts","Monitoring - Alerts","","","should show monitoring page after escalation",""
"passed","Wed May 13 07:25:24 UTC 2026","Wed May 13 07:26:20 UTC 2026","56515","","provider-portal/documents/documents-full-workflow.spec.ts","Document - Archive/Unarchive Behavior","","","AUT_DOC_021 - Verify document hidden on archive and restored on unarchive",""
"passed","Wed May 13 07:44:46 UTC 2026","Wed May 13 07:45:07 UTC 2026","20861","","provider-portal/monitoring/monitoring-03-alerts.spec.ts","Monitoring - Alerts","","","should update resolved status in Patient 360 Alerts section",""
"skipped","Wed May 13 07:40:41 UTC 2026","Wed May 13 07:40:41 UTC 2026","2","","provider-portal/care-team-worklist/interaction-week3.spec.ts","Interaction - Week 3 RTM","","","should send App chat to patient from Week 3",""
"passed","Wed May 13 07:21:08 UTC 2026","Wed May 13 07:21:19 UTC 2026","10691","","provider-portal/patient-wallet/patient-monitoring.spec.ts","Patient Wallet - Patient Monitoring","","","should switch between program tabs and verify content loads",""
"passed","Wed May 13 07:35:01 UTC 2026","Wed May 13 07:35:10 UTC 2026","9661","","provider-portal/patient-wallet/patient-monitoring.spec.ts","Patient Wallet - Patient Monitoring","","","should verify patient enrollment info in header",""
"passed","Wed May 13 07:19:37 UTC 2026","Wed May 13 07:20:02 UTC 2026","24948","","provider-portal/alerts/alerts.spec.ts","Alerts - Escalate to Provider","","","should escalate an alert to provider",""
"passed","Wed May 13 07:17:22 UTC 2026","Wed May 13 07:17:34 UTC 2026","11910","","provider-portal/alerts/alerts.spec.ts","Alerts - Date Filters","","","should filter alerts by End Date",""
"passed","Wed May 13 07:47:28 UTC 2026","Wed May 13 07:47:55 UTC 2026","26834","","provider-portal/settings/unity-users.spec.ts","Settings - Unity Users Tab","","","should prevent deleted provider from logging in",""
"passed","Wed May 13 07:24:15 UTC 2026","Wed May 13 07:24:25 UTC 2026","9998","","provider-portal/patient-wallet/patient-monitoring.spec.ts","Patient Wallet - Patient Monitoring","","","should open Add Note Summary form when clicked",""
"passed","Wed May 13 07:32:24 UTC 2026","Wed May 13 07:32:48 UTC 2026","23452","","provider-portal/care-team-worklist/interaction-bulk.spec.ts","Interaction - Bulk Operations RTM","","","should send bulk Reach Out text message to selected patients",""
"failed","Wed May 13 07:33:19 UTC 2026","Wed May 13 07:33:43 UTC 2026","24251","","provider-portal/patient-wallet/patient-monitoring.spec.ts","Patient Wallet - Patient Monitoring","","","should add a manual time entry",""
"failed","Wed May 13 07:26:27 UTC 2026","Wed May 13 07:26:34 UTC 2026","6833","","provider-portal/library/template-crud.spec.ts","Template CRUD Flow","","","should verify Send Consent checkbox reveals Consent Forms dropdown",""
"passed","Wed May 13 07:45:29 UTC 2026","Wed May 13 07:45:51 UTC 2026","21784","","provider-portal/enrollment/EnrollmentFilterScenarios.spec.ts","Enrollment Filter Scenarios","","","5. Verify filter combination: Date + Status - Correct patients displayed",""
"passed","Wed May 13 07:15:07 UTC 2026","Wed May 13 07:15:16 UTC 2026","9036","","provider-portal/alerts/alerts.spec.ts","Alerts - Navigation & Page Load","","","should navigate to Alerts page from sidebar",""
"passed","Wed May 13 07:18:37 UTC 2026","Wed May 13 07:19:08 UTC 2026","31592","","provider-portal/library/care-plan.spec.ts","Care Plan Flow","","","should delete a care plan with confirmation",""
"passed","Wed May 13 07:21:56 UTC 2026","Wed May 13 07:22:07 UTC 2026","11444","","provider-portal/patient-wallet/patient-monitoring.spec.ts","Patient Wallet - Patient Monitoring","","","should send a chat message and verify it appears",""
"passed","Wed May 13 07:38:16 UTC 2026","Wed May 13 07:38:26 UTC 2026","10264","","provider-portal/care-team-worklist/interaction-week2.spec.ts","Interaction - Week 2 RTM","","","should filter Week 2 list by care manager",""
"passed","Wed May 13 07:27:33 UTC 2026","Wed May 13 07:28:08 UTC 2026","35266","","provider-portal/documents/documents-full-workflow.spec.ts","Document - Delete Workflow","","","AUT_DOC_009 - Verify document delete with confirmation and removal from list",""
"passed","Wed May 13 07:19:00 UTC 2026","Wed May 13 07:19:12 UTC 2026","11501","","provider-portal/care-team-worklist/interaction.spec.ts","Interaction - RTM (Dynamic Week)","","","should search for patient by name",""
"passed","Wed May 13 07:26:35 UTC 2026","Wed May 13 07:26:51 UTC 2026","16009","","provider-portal/library/template-crud.spec.ts","Template CRUD Flow","","","should edit template name, type, and content and verify changes persist",""
"passed","Wed May 13 07:35:55 UTC 2026","Wed May 13 07:37:54 UTC 2026","119392","","provider-portal/monitoring/monitoring-03-alerts.spec.ts","Monitoring - Alerts","","","should complete alert resolution workflow - Unresolved to Resolved",""
"skipped","Wed May 13 07:15:00 UTC 2026","Wed May 13 07:15:00 UTC 2026","1","","admin-portal/Library/assessmentCRUD.spec.ts","Admin Portal - Assessment CRUD","","","Should create CCM assessment and perform CRUD operations",""
"skipped","Wed May 13 07:40:41 UTC 2026","Wed May 13 07:40:41 UTC 2026","3","","provider-portal/care-team-worklist/interaction-week3.spec.ts","Interaction - Week 3 RTM","","","should verify multiple time entries are cumulative in Week 3",""
"passed","Wed May 13 07:27:31 UTC 2026","Wed May 13 07:27:45 UTC 2026","13876","","provider-portal/library/template-crud.spec.ts","Template CRUD Flow","","","should cancel template deletion and verify template still exists",""
"passed","Wed May 13 07:58:35 UTC 2026","Wed May 13 07:58:51 UTC 2026","15142","","provider-portal/patient-wallet/care-plan-workflow.spec.ts","Patient Wallet - Care Plan Form Operations","","","AUT_CP_005 - should expose ""Assign New Care Plan"" in the Manage Plan dropdown",""
"passed","Wed May 13 07:47:55 UTC 2026","Wed May 13 07:48:26 UTC 2026","30873","","provider-portal/settings/unity-users.spec.ts","Settings - Unity Users Tab","","","should verify Verify Email option in action menu",""
"passed","Wed May 13 07:30:35 UTC 2026","Wed May 13 07:31:26 UTC 2026","51415","","provider-portal/task/task-edit.spec.ts","Task - Edit","","","AUT_TSK_100 - E2E Edit Task - Open edit, update fields, save, verify in list",""
"passed","Wed May 13 07:23:23 UTC 2026","Wed May 13 07:23:32 UTC 2026","8776","","provider-portal/patient-wallet/patient-monitoring.spec.ts","Patient Wallet - Patient Monitoring","","","should display all action buttons (Response Library, Escalate, Assign Enrollment, Add Note Summary, Send)",""
"passed","Wed May 13 07:14:51 UTC 2026","Wed May 13 07:16:05 UTC 2026","74198","","provider-portal/library/care-plan.spec.ts","Care Plan Flow","","","should create a care plan with all sections and verify it in the list",""
"passed","Wed May 13 07:17:59 UTC 2026","Wed May 13 07:18:13 UTC 2026","13934","","provider-portal/alerts/alerts.spec.ts","Alerts - My Alerts Checkbox","","","should show all alerts when My Alerts checkbox is unchecked",""
"passed","Wed May 13 07:48:30 UTC 2026","Wed May 13 07:48:41 UTC 2026","11064","","provider-portal/task/task-reminder-notification.spec.ts","Task - Reminders & Notifications","","","AUT_TSK_057 - Verify reminder modification - Set Reminder can be toggled on and off",""
"passed","Wed May 13 07:43:04 UTC 2026","Wed May 13 07:43:55 UTC 2026","51084","","provider-portal/enrollment/Add-Enrollments.spec.ts","Provider Portal - Add Enrollment Tests","","","Add Enrollment",""
"passed","Wed May 13 07:17:47 UTC 2026","Wed May 13 07:17:59 UTC 2026","12061","","provider-portal/alerts/alerts.spec.ts","Alerts - My Alerts Checkbox","","","should filter alerts to show only my alerts when checkbox is checked",""
"failed","Wed May 13 07:31:08 UTC 2026","Wed May 13 07:31:25 UTC 2026","17579","","provider-portal/patient-wallet/patient-monitoring.spec.ts","Patient Wallet - Patient Monitoring","","","should navigate to View All Data page",""
"passed","Wed May 13 07:47:04 UTC 2026","Wed May 13 07:47:28 UTC 2026","24429","","provider-portal/settings/unity-users.spec.ts","Settings - Unity Users Tab","","","should prevent inactive provider from logging in",""
"skipped","Wed May 13 07:15:00 UTC 2026","Wed May 13 07:15:00 UTC 2026","6","","admin-portal/Library/careplanCRUD.spec.ts","Admin Portal - Care Plan CRUD","","","CCM-4: Save as draft, verify status, edit and finish to make active",""
"passed","Wed May 13 07:52:37 UTC 2026","Wed May 13 07:52:47 UTC 2026","9574","","provider-portal/global-features/search.spec.ts","Global Search","","","should find patient when searching by first 3 digits of phone number",""
"passed","Tue May 06 11:46:35 UTC 2025","Tue May 06 11:46:38 UTC 2025","2165","","example.spec.ts","","","","example test",""
"passed","Wed May 13 07:58:16 UTC 2026","Wed May 13 07:58:34 UTC 2026","17865","","provider-portal/library/assessment.spec.ts","Assessment Flow","","","should view assessment details with all questions and options",""
"passed","Wed May 13 07:21:18 UTC 2026","Wed May 13 07:21:58 UTC 2026","40423","","provider-portal/task/task-add.spec.ts","Task - Add Task & Validations","","","AUT_TSK_011 - E2E Add Task Workflow - Fill all mandatory fields (Service, Patient, Action, Task Name, Assignee, Priority, Due Date, Note), save, verify task appears in list",""
"passed","Wed May 13 07:33:41 UTC 2026","Wed May 13 07:34:00 UTC 2026","19601","","provider-portal/care-team-worklist/interaction-bulk.spec.ts","Interaction - Bulk Operations RTM","","","should send bulk message with equal distribution among all selected patients",""
"passed","Wed May 13 08:08:24 UTC 2026","Wed May 13 08:08:41 UTC 2026","17146","","provider-portal/patient-wallet/care-plan-workflow.spec.ts","Patient Wallet - Care Plan Review, Progress & Export","","","AUT_CP_030 - should apply the month filter on the Care Plan Review page",""
"passed","Wed May 13 07:57:45 UTC 2026","Wed May 13 07:57:54 UTC 2026","9372","","provider-portal/task/task-view-filter.spec.ts","Task - View, Filter, Sort, Search & Pagination","","","AUT_TSK_015 - should display correct options in service filter dropdown",""
"passed","Wed May 13 07:23:14 UTC 2026","Wed May 13 07:23:23 UTC 2026","9015","","provider-portal/patient-wallet/patient-monitoring.spec.ts","Patient Wallet - Patient Monitoring","","","should display play, pause, and stop control buttons",""
"failed","Wed May 13 07:35:30 UTC 2026","Wed May 13 07:35:49 UTC 2026","19291","","provider-portal/patient-wallet/patient-monitoring.spec.ts","Patient Wallet - Patient Monitoring","","","should verify vital added from Vitals tab appears in Latest Reading",""
"passed","Wed May 13 07:58:41 UTC 2026","Wed May 13 08:00:38 UTC 2026","116974","","provider-portal/task/task-view-filter.spec.ts","Task - View, Filter, Sort, Search & Pagination","","","AUT_TSK_019 - should verify each service filter shows only its own tasks",""
"passed","Wed May 13 07:46:30 UTC 2026","Wed May 13 07:47:07 UTC 2026","37331","","provider-portal/task/task-reminder-notification.spec.ts","Task - Reminders & Notifications","","","AUT_TSK_053 - Verify reminder triggers with 10 Days before due date",""
"passed","Wed May 13 07:21:47 UTC 2026","Wed May 13 07:21:56 UTC 2026","9167","","provider-portal/patient-wallet/patient-monitoring.spec.ts","Patient Wallet - Patient Monitoring","","","should display message input with placeholder",""
"passed","Wed May 13 07:19:24 UTC 2026","Wed May 13 07:19:33 UTC 2026","9446","","provider-portal/care-team-worklist/interaction.spec.ts","Interaction - RTM (Dynamic Week)","","","should verify total time logged is non-zero",""
"passed","Wed May 13 07:45:03 UTC 2026","Wed May 13 07:45:41 UTC 2026","38600","","provider-portal/task/task-reminder-notification.spec.ts","Task - Reminders & Notifications","","","AUT_TSK_050 - E2E Reminder Setup - Create task with reminder, verify task saves with reminder settings",""
"passed","Wed May 13 07:31:26 UTC 2026","Wed May 13 07:32:06 UTC 2026","39978","","provider-portal/task/task-edit.spec.ts","Task - Edit","","","AUT_TSK_101 - Verify edit page displays all pre-filled data from existing task",""
"passed","Wed May 13 07:43:43 UTC 2026","Wed May 13 07:44:09 UTC 2026","25714","","provider-portal/monitoring/monitoring-03-alerts.spec.ts","Monitoring - Alerts","","","should resolve alert from Number of Alerts page",""
"passed","Wed May 13 07:58:25 UTC 2026","Wed May 13 07:58:41 UTC 2026","15509","","provider-portal/task/task-view-filter.spec.ts","Task - View, Filter, Sort, Search & Pagination","","","AUT_TSK_018 - should filter tasks by CCM service",""
"passed","Wed May 13 07:18:53 UTC 2026","Wed May 13 07:19:13 UTC 2026","20645","","provider-portal/alerts/alerts.spec.ts","Alerts - Resolve","","","should resolve an alert and verify status changes",""
"passed","Wed May 13 07:44:30 UTC 2026","Wed May 13 07:44:50 UTC 2026","19562","","provider-portal/settings/unity-users.spec.ts","Settings - Unity Users Tab","","","should auto-populate all fields when Edit is opened",""
"passed","Wed May 13 07:22:22 UTC 2026","Wed May 13 07:23:45 UTC 2026","82919","","provider-portal/alerts/alerts.spec.ts","Alerts - End-to-End Flows","","","E2E: should create Heart Rate alert and verify it appears on Alerts page",""
"passed","Wed May 13 07:15:16 UTC 2026","Wed May 13 07:15:25 UTC 2026","8752","","provider-portal/alerts/alerts.spec.ts","Alerts - Navigation & Page Load","","","should display all table column headers",""
"passed","Wed May 13 07:28:29 UTC 2026","Wed May 13 07:28:41 UTC 2026","12292","","provider-portal/alerts/alerts.spec.ts","Alerts - View Resolved Note & Action Menu State","","","should show ""View Resolved Note"" instead of ""Resolve"" for resolved alerts",""
"passed","Wed May 13 07:59:37 UTC 2026","Wed May 13 07:59:52 UTC 2026","15106","","provider-portal/patient-wallet/care-plan-workflow.spec.ts","Patient Wallet - Care Plan Form Operations","","","AUT_CP_011 - should expose ""Modify Care Plan"" in the Manage Plan dropdown",""
"skipped","Wed May 13 07:40:41 UTC 2026","Wed May 13 07:40:41 UTC 2026","3","","provider-portal/care-team-worklist/interaction-week3.spec.ts","Interaction - Week 3 RTM","","","should verify patient progresses to Week 4 after completing all Week 3 activities",""
"passed","Wed May 13 08:04:33 UTC 2026","Wed May 13 08:04:47 UTC 2026","14267","","provider-portal/task/task-view-filter.spec.ts","Task - View, Filter, Sort, Search & Pagination","","","AUT_TSK_025 - should show no data for non-existent search",""
"passed","Wed May 13 07:32:07 UTC 2026","Wed May 13 07:32:24 UTC 2026","17028","","provider-portal/care-team-worklist/favorite-service.spec.ts","Favorite Service Update & Persistence","","","should update favorite service and verify after re-login",""
"passed","Wed May 13 07:17:36 UTC 2026","Wed May 13 07:17:46 UTC 2026","9565","","provider-portal/care-team-worklist/interaction.spec.ts","Interaction - RTM (Dynamic Week)","","","should verify all activities completed for detected week",""
"passed","Wed May 13 07:30:54 UTC 2026","Wed May 13 07:31:10 UTC 2026","15957","","provider-portal/monitoring/monitoring-01-no-data.spec.ts","Monitoring - No Data","","","should search for a patient by name in No Data list",""
"passed","Wed May 13 07:48:45 UTC 2026","Wed May 13 07:49:17 UTC 2026","31637","","provider-portal/patient-wallet/care-plan-workflow.spec.ts","Patient Wallet - Care Plan Workflow","","","AUT_CP_001 - should complete the full care plan workflow — assign, save with auto-timer, appear in review dropdown",""
"failed","Wed May 13 07:17:16 UTC 2026","Wed May 13 07:17:47 UTC 2026","31171","","provider-portal/patient-wallet/patient-medical-history-workflow.spec.ts","Patient Wallet - Medical History Full Workflow","","","AUT_PT_MH_001 - Complete Medical History workflow in patient chart (11 scenarios)",""
"failed","Wed May 13 07:34:09 UTC 2026","Wed May 13 07:34:33 UTC 2026","24159","","provider-portal/patient-wallet/patient-monitoring.spec.ts","Patient Wallet - Patient Monitoring","","","should close Manual Time Entries drawer",""
"passed","Wed May 13 07:21:58 UTC 2026","Wed May 13 07:22:09 UTC 2026","10460","","provider-portal/task/task-add.spec.ts","Task - Add Task & Validations","","","AUT_TSK_012 - Verify mandatory field validation - Service, Patient, Action, Due Date, Assignee, Priority, Note are required",""
"passed","Wed May 13 07:34:17 UTC 2026","Wed May 13 07:34:28 UTC 2026","10449","","provider-portal/care-team-worklist/interaction-week1.spec.ts","Interaction - Week 1 RTM","","","should verify existing patient appears in Week 1 interaction list",""
"skipped","Wed May 13 07:48:45 UTC 2026","Wed May 13 07:48:45 UTC 2026","0","","provider-portal/patient-wallet/assessment-workflow.spec.ts","Patient Wallet - Assessment Workflow","","","AUT_ASM_005 - should display all assigned assessment questions when opened via View action",""
"passed","Wed May 13 07:41:25 UTC 2026","Wed May 13 07:41:37 UTC 2026","11769","","provider-portal/monitoring/monitoring-03-alerts.spec.ts","Monitoring - Alerts","","","should display pagination in Alerts list",""
"passed","Wed May 13 07:36:33 UTC 2026","Wed May 13 07:36:43 UTC 2026","10341","","provider-portal/care-team-worklist/interaction-week1.spec.ts","Interaction - Week 1 RTM","","","should search for patient by name in Week 1 list",""
"passed","Wed May 13 08:05:09 UTC 2026","Wed May 13 08:05:33 UTC 2026","23426","","provider-portal/patient-wallet/care-plan-workflow.spec.ts","Patient Wallet - Care Plan Review, Progress & Export","","","AUT_CP_017 - should add a monthly care plan update with date, time, note and persist across reload",""
"failed","Wed May 13 07:19:47 UTC 2026","Wed May 13 07:19:58 UTC 2026","10039","","provider-portal/patient-wallet/patient-monitoring-workflow.spec.ts","Patient Wallet - Patient Monitoring Full Workflow","","","AUT_PT_MON_ALERT_001 - Generate + resolve an alert (AUT_PT_027, AUT_PT_028)",""
"passed","Wed May 13 08:03:42 UTC 2026","Wed May 13 08:03:58 UTC 2026","16481","","provider-portal/task/task-view-filter.spec.ts","Task - View, Filter, Sort, Search & Pagination","","","AUT_TSK_023 - should search tasks by patient name",""
"passed","Wed May 13 07:43:52 UTC 2026","Wed May 13 07:44:28 UTC 2026","36040","","provider-portal/task/task-recurring.spec.ts","Task - Recurring Tasks","","","AUT_TSK_076 - Verify recurring task without reminder saves successfully",""
"passed","Tue May 06 11:46:42 UTC 2025","Tue May 06 11:46:51 UTC 2025","8478","","provider-portal\patient-chat.spec.ts","Provider Portal Patient Chat","","","should navigate to patient chart and send a chat message",""
"passed","Wed May 13 07:32:48 UTC 2026","Wed May 13 07:33:14 UTC 2026","26061","","provider-portal/care-team-worklist/interaction-bulk.spec.ts","Interaction - Bulk Operations RTM","","","should send bulk App Chat message to selected patients",""
"passed","Wed May 13 07:35:30 UTC 2026","Wed May 13 07:35:41 UTC 2026","10444","","provider-portal/care-team-worklist/interaction-week1.spec.ts","Interaction - Week 1 RTM","","","should verify multiple time entries for same activity are cumulative",""
"passed","Wed May 13 07:34:46 UTC 2026","Wed May 13 07:35:08 UTC 2026","21766","","provider-portal/monitoring/monitoring-02-data.spec.ts","Monitoring - Data Review","","","should send App chat to patient from Data section",""
"passed","Wed May 13 07:49:30 UTC 2026","Wed May 13 07:49:47 UTC 2026","16911","","provider-portal/enrollment/Modify-EnrollmentFlow.spec.ts","Provider Portal - Modify Enrollment Tests","","","Verify modify enrollment - Update Care Manager, Provider, ICD reflected in Patient 360",""
"passed","Wed May 13 07:40:58 UTC 2026","Wed May 13 07:41:18 UTC 2026","20028","","provider-portal/settings/profile.spec.ts","Settings - Profile Tab","","","should persist profile data after logout and login",""
"passed","Wed May 13 07:53:53 UTC 2026","Wed May 13 07:54:45 UTC 2026","52379","","provider-portal/task/task-resolution.spec.ts","Task - Resolution","","","AUT_TSK_092 - Verify task with Done status does not change to Overdue",""
"passed","Wed May 13 07:31:10 UTC 2026","Wed May 13 07:31:26 UTC 2026","16712","","provider-portal/monitoring/monitoring-01-no-data.spec.ts","Monitoring - No Data","","","should filter No Data list by care manager",""
"failed","Wed May 13 07:32:28 UTC 2026","Wed May 13 07:32:53 UTC 2026","25130","","provider-portal/patient-wallet/patient-monitoring.spec.ts","Patient Wallet - Patient Monitoring","","","should open Manual Time Entries drawer",""
"passed","Wed May 13 07:22:41 UTC 2026","Wed May 13 07:23:30 UTC 2026","48886","","provider-portal/documents/documents-full-workflow.spec.ts","Document - Archived Document Actions","","","AUT_DOC_023 - Verify actions available on archived documents",""
"passed","Wed May 13 07:30:29 UTC 2026","Wed May 13 07:31:58 UTC 2026","88939","","provider-portal/documents/documents-full-workflow.spec.ts","Document - Multi-Folder Assign to Same Patient","","","AUT_DOC_016 - Assign documents from different folders to same patient",""
"passed","Wed May 13 07:42:06 UTC 2026","Wed May 13 07:42:18 UTC 2026","12028","","provider-portal/settings/unity-users.spec.ts","Settings - Unity Users Tab","","","should filter users by role using the role dropdown",""
"passed","Wed May 13 07:25:44 UTC 2026","Wed May 13 07:26:52 UTC 2026","67334","","provider-portal/task/task-complete-verify.spec.ts","Task - Completed Task Verification","","","AUT_TSK_125 - Completed task is updated in both provider Task section and patient charting",""
"passed","Wed May 13 07:27:45 UTC 2026","Wed May 13 07:28:00 UTC 2026","15303","","provider-portal/library/template-crud.spec.ts","Template CRUD Flow","","","should cancel template edit and verify original data remains",""
"passed","Wed May 13 07:33:14 UTC 2026","Wed May 13 07:33:41 UTC 2026","26616","","provider-portal/care-team-worklist/interaction-bulk.spec.ts","Interaction - Bulk Operations RTM","","","should send bulk App Chat with attachment",""
"passed","Wed May 13 07:34:00 UTC 2026","Wed May 13 07:34:17 UTC 2026","16969","","provider-portal/care-team-worklist/interaction-bulk.spec.ts","Interaction - Bulk Operations RTM","","","should send bulk message with custom distribution to single patient",""
"passed","Wed May 13 07:54:45 UTC 2026","Wed May 13 07:55:20 UTC 2026","34647","","provider-portal/task/task-resolution.spec.ts","Task - Resolution","","","AUT_TSK_093 - Verify resolve page auto-fills current date by default",""
"passed","Wed May 13 07:47:07 UTC 2026","Wed May 13 07:47:45 UTC 2026","37747","","provider-portal/task/task-reminder-notification.spec.ts","Task - Reminders & Notifications","","","AUT_TSK_054 - Verify reminder triggers with 15 Days before due date",""
"passed","Wed May 13 07:53:09 UTC 2026","Wed May 13 07:53:21 UTC 2026","12207","","provider-portal/global-features/search.spec.ts","Global Search","","","should display No Result Found message when searching with non-existent data",""
"passed","Wed May 13 07:17:59 UTC 2026","Wed May 13 07:18:37 UTC 2026","37897","","provider-portal/library/care-plan.spec.ts","Care Plan Flow","","","should edit an existing care plan and verify changes",""
"passed","Wed May 13 07:30:19 UTC 2026","Wed May 13 07:30:54 UTC 2026","34550","","provider-portal/monitoring/monitoring-01-no-data.spec.ts","Monitoring - No Data","","","should initiate call to patient from No Data page",""
"skipped","Wed May 13 07:15:00 UTC 2026","Wed May 13 07:15:00 UTC 2026","4","","admin-portal/Library/careplanCRUD.spec.ts","Admin Portal - Care Plan CRUD","","","PCM-3: Edit care plan name and verify on admin and provider portal",""
"passed","Wed May 13 07:31:40 UTC 2026","Wed May 13 07:32:07 UTC 2026","27427","","provider-portal/monitoring/monitoring-02-data.spec.ts","Monitoring - Data Review","","","should complete data review workflow - Unreviewed to Reviewed",""
"passed","Wed May 13 07:41:56 UTC 2026","Wed May 13 07:42:15 UTC 2026","19106","","provider-portal/monitoring/monitoring-03-alerts.spec.ts","Monitoring - Alerts","","","should send App chat to patient from Alerts section",""
"failed","Wed May 13 07:27:39 UTC 2026","Wed May 13 07:28:04 UTC 2026","25812","","provider-portal/patient-wallet/patient-monitoring.spec.ts","Patient Wallet - Patient Monitoring","","","should display vital rows with data",""
"skipped","Wed May 13 07:15:00 UTC 2026","Wed May 13 07:15:00 UTC 2026","1","","admin-portal/Library/conditionCRUD.spec.ts","Admin Portal - ICD Code Condition Workflow","","","COND-5: Verify favourite ICD code appears at top in Provider Portal Enrollment",""
"passed","Wed May 13 07:20:49 UTC 2026","Wed May 13 07:20:59 UTC 2026","9350","","provider-portal/patient-wallet/patient-monitoring.spec.ts","Patient Wallet - Patient Monitoring","","","should display patient info header with name, gender, DOB, program, enrollment date",""
"skipped","Wed May 13 07:15:00 UTC 2026","Wed May 13 07:15:00 UTC 2026","1","","admin-portal/Library/conditionCRUD.spec.ts","Admin Portal - ICD Code Condition Workflow","","","COND-3: Mark Condition as Favourite",""
"passed","Wed May 13 07:37:14 UTC 2026","Wed May 13 07:37:24 UTC 2026","10147","","provider-portal/care-team-worklist/interaction-week2.spec.ts","Interaction - Week 2 RTM","","","should complete Reach Out activity for Week 2 with time entry",""
"passed","Wed May 13 07:52:17 UTC 2026","Wed May 13 07:53:06 UTC 2026","49177","","provider-portal/task/task-resolution.spec.ts","Task - Resolution","","","AUT_TSK_090 - E2E Task Resolution - Resolve task with current date and note, verify Done status",""
"passed","Wed May 13 07:40:46 UTC 2026","Wed May 13 07:41:24 UTC 2026","37778","","provider-portal/task/task-recurring.spec.ts","Task - Recurring Tasks","","","AUT_TSK_071 - E2E Recurring Task Creation - Weekly recurrence",""
"passed","Wed May 13 07:46:50 UTC 2026","Wed May 13 07:46:58 UTC 2026","7792","","provider-portal/enrollment/EnrollmentFormVerification.spec.ts","","","","Verify patient search and auto-fill in New Enrollment form",""
"passed","Wed May 13 07:57:16 UTC 2026","Wed May 13 07:57:30 UTC 2026","13992","","provider-portal/task/task-view-filter.spec.ts","Task - View, Filter, Sort, Search & Pagination","","","AUT_TSK_013 - should show OverDue tasks when OverDue filter is selected",""
"failed","Wed May 13 07:38:11 UTC 2026","Wed May 13 07:38:36 UTC 2026","24857","","provider-portal/patient-wallet/vitals.spec.ts","Provider Portal Vitals","","","Add Heart Rate vital and verify latest reading",""
"passed","Wed May 13 07:40:44 UTC 2026","Wed May 13 07:40:58 UTC 2026","14068","","provider-portal/settings/profile.spec.ts","Settings - Profile Tab","","","should validate mandatory fields on Edit Profile",""
"passed","Wed May 13 07:24:34 UTC 2026","Wed May 13 07:24:44 UTC 2026","9395","","provider-portal/patient-wallet/patient-monitoring.spec.ts","Patient Wallet - Patient Monitoring","","","should remove a filter chip and verify messages update",""
"passed","Wed May 13 07:19:33 UTC 2026","Wed May 13 07:19:58 UTC 2026","24806","","provider-portal/care-team-worklist/week-interaction.spec.ts","Provider Portal - Week Interaction","","","should perform week interaction for patient in current week",""
"skipped","Wed May 13 07:15:00 UTC 2026","Wed May 13 07:15:00 UTC 2026","0","","admin-portal/Library/templateCRUD.spec.ts","Admin Portal - Template End-to-End Flow","","","Should create and edit all service type templates",""
"passed","Wed May 13 07:44:36 UTC 2026","Wed May 13 07:44:52 UTC 2026","15718","","provider-portal/enrollment/EnrollmentFilterScenarios.spec.ts","Enrollment Filter Scenarios","","","2. Verify filter by Status (New/Active/Closed) - Patients filtered correctly by status",""
"passed","Wed May 13 07:40:32 UTC 2026","Wed May 13 07:40:42 UTC 2026","10088","","provider-portal/enrollment/Add-Enrollments.spec.ts","Provider Portal - Add Enrollment Tests","","","Verify Cancel button closes Add Enrollment form and navigates back to Enrollment List",""
"skipped","Wed May 13 07:48:45 UTC 2026","Wed May 13 07:48:45 UTC 2026","1","","provider-portal/patient-wallet/assessment-workflow.spec.ts","Patient Wallet - Assessment Workflow","","","AUT_ASM_002 - should render every required column on the patient's Assessment list",""
"passed","Wed May 13 07:56:35 UTC 2026","Wed May 13 07:56:44 UTC 2026","9416","","provider-portal/task/task-view-filter.spec.ts","Task - View, Filter, Sort, Search & Pagination","","","AUT_TSK_011 - should display correct options in status filter dropdown",""
"skipped","Wed May 13 07:40:41 UTC 2026","Wed May 13 07:40:41 UTC 2026","5","","provider-portal/care-team-worklist/interaction-week3.spec.ts","Interaction - Week 3 RTM","","","should complete Follow Up Meal Plan activity with time entry",""
"passed","Wed May 13 07:44:20 UTC 2026","Wed May 13 07:44:36 UTC 2026","15558","","provider-portal/enrollment/EnrollmentFilterScenarios.spec.ts","Enrollment Filter Scenarios","","","1. Verify filter by Enrollment Date - Patients filtered correctly within date range",""
"failed","Wed May 13 07:16:31 UTC 2026","Wed May 13 07:16:43 UTC 2026","12469","","provider-portal/patient-wallet/patient-documents-workflow.spec.ts","Patient Wallet - Documents Full Workflow","","","AUT_PT_DOC_001 - Complete document workflow in patient chart (13 scenarios)",""
"passed","Wed May 13 07:48:26 UTC 2026","Wed May 13 07:48:38 UTC 2026","12280","","provider-portal/settings/unity-users.spec.ts","Settings - Unity Users Tab","","","should verify column headers are clickable and list renders after click",""
"passed","Wed May 13 07:28:22 UTC 2026","Wed May 13 07:28:31 UTC 2026","9749","","provider-portal/library/template-crud.spec.ts","Template CRUD Flow","","","should handle special characters in template name and content",""
"skipped","Wed May 13 07:15:00 UTC 2026","Wed May 13 07:15:00 UTC 2026","4","","admin-portal/Library/careplanCRUD.spec.ts","Admin Portal - Care Plan CRUD","","","PCM-5: Delete care plan and verify not displayed",""
"passed","Wed May 13 07:59:11 UTC 2026","Wed May 13 07:59:32 UTC 2026","21635","","provider-portal/library/assessment.spec.ts","Assessment Flow","","","should create assessments with each assessment type",""
"passed","Tue May 06 11:46:42 UTC 2025","Tue May 06 11:46:48 UTC 2025","6300","","provider-portal\patient-chart.spec.ts","Provider Portal Patient Chart","","","should navigate to patient chart and verify patient name",""
"passed","Wed May 13 07:24:25 UTC 2026","Wed May 13 07:24:34 UTC 2026","8903","","provider-portal/patient-wallet/patient-monitoring.spec.ts","Patient Wallet - Patient Monitoring","","","should display App Chat and Text Message filter chips",""
"failed","Mon Jan 05 13:37:17 UTC 2026","Mon Jan 05 13:37:39 UTC 2026","22349","","provider-portal\template-crud.spec.ts","Template CRUD Flow","","","should perform complete CRUD operations on template",""
"passed","Wed May 13 07:20:59 UTC 2026","Wed May 13 07:21:08 UTC 2026","9454","","provider-portal/patient-wallet/patient-monitoring.spec.ts","Patient Wallet - Patient Monitoring","","","should display all program tabs (RPM, RTM, CCM, PCM)",""
"passed","Wed May 13 07:43:19 UTC 2026","Wed May 13 07:43:41 UTC 2026","22544","","provider-portal/settings/unity-users.spec.ts","Settings - Unity Users Tab","","","should handle duplicate username or email on Add",""
"passed","Wed May 13 07:36:27 UTC 2026","Wed May 13 07:36:53 UTC 2026","25460","","provider-portal/patient-wallet/patient-summary-workflow.spec.ts","Patient Wallet - Summary Full Workflow","","","AUT_PT_SUM_001 - Complete Summary workflow in patient chart (7 scenarios)",""
"passed","Wed May 13 07:17:34 UTC 2026","Wed May 13 07:17:47 UTC 2026","12791","","provider-portal/alerts/alerts.spec.ts","Alerts - Date Filters","","","should filter alerts by date range",""
"passed","Wed May 13 08:05:06 UTC 2026","Wed May 13 08:05:20 UTC 2026","14780","","provider-portal/task/task-view-filter.spec.ts","Task - View, Filter, Sort, Search & Pagination","","","AUT_TSK_027 - should verify NAME column is sorted ascending by default",""
"passed","Wed May 13 07:37:50 UTC 2026","Wed May 13 07:39:05 UTC 2026","75187","","provider-portal/documents/documents-full-workflow.spec.ts","Document Library - Upload","","","AUT_DOC_002 - Upload document to each folder (Home Exercise, Education, Challenges, Care Plan) and verify",""
"passed","Wed May 13 07:15:34 UTC 2026","Wed May 13 07:15:49 UTC 2026","14554","","provider-portal/alerts/alerts.spec.ts","Alerts - Search Functionality","","","should filter alerts when searching by patient name",""
"passed","Wed May 13 07:56:27 UTC 2026","Wed May 13 07:56:35 UTC 2026","8200","","provider-portal/task/task-view-filter.spec.ts","Task - View, Filter, Sort, Search & Pagination","","","AUT_TSK_010 - should have My Tasks checked and ToDo status filter by default",""
"passed","Wed May 13 07:34:49 UTC 2026","Wed May 13 07:34:59 UTC 2026","10170","","provider-portal/care-team-worklist/interaction-week1.spec.ts","Interaction - Week 1 RTM","","","should complete Challenge activity with manual time entry logged",""
"passed","Wed May 13 07:23:42 UTC 2026","Wed May 13 07:23:52 UTC 2026","10066","","provider-portal/patient-wallet/patient-monitoring.spec.ts","Patient Wallet - Patient Monitoring","","","should open Escalate to Provider form when clicked",""
"passed","Wed May 13 07:37:45 UTC 2026","Wed May 13 07:37:56 UTC 2026","10333","","provider-portal/care-team-worklist/interaction-week2.spec.ts","Interaction - Week 2 RTM","","","should send Text message to patient from Week 2",""
"passed","Wed May 13 07:17:24 UTC 2026","Wed May 13 07:17:36 UTC 2026","12579","","provider-portal/care-team-worklist/interaction.spec.ts","Interaction - RTM (Dynamic Week)","","","should complete all remaining activities for detected week with time entry",""
"passed","Wed May 13 07:35:08 UTC 2026","Wed May 13 07:35:24 UTC 2026","16185","","provider-portal/monitoring/monitoring-02-data.spec.ts","Monitoring - Data Review","","","should search for a patient by name in Data list",""
"skipped","Wed May 13 07:40:41 UTC 2026","Wed May 13 07:40:41 UTC 2026","2","","provider-portal/care-team-worklist/interaction-week3.spec.ts","Interaction - Week 3 RTM","","","should search for patient by name in Week 3 list",""
"passed","Wed May 13 07:22:36 UTC 2026","Wed May 13 07:23:47 UTC 2026","70758","","provider-portal/task/task-add.spec.ts","Task - Add Task & Validations","","","AUT_TSK_015 - Verify priority assignment - High, Medium, Low priorities display with distinct color coding",""
"passed","Wed May 13 07:43:53 UTC 2026","Wed May 13 07:44:07 UTC 2026","13316","","provider-portal/settings/unity-users.spec.ts","Settings - Unity Users Tab","","","should open user profile from View Profile action menu",""
"passed","Wed May 13 08:00:38 UTC 2026","Wed May 13 08:00:47 UTC 2026","9523","","provider-portal/task/task-view-filter.spec.ts","Task - View, Filter, Sort, Search & Pagination","","","AUT_TSK_020 - should display correct options in action filter dropdown",""
"passed","Wed May 13 07:32:39 UTC 2026","Wed May 13 07:32:53 UTC 2026","14435","","provider-portal/monitoring/monitoring-02-data.spec.ts","Monitoring - Data Review","","","should review vitals from Number of Readings",""
"passed","Wed May 13 07:14:51 UTC 2026","Wed May 13 07:15:02 UTC 2026","10797","","provider-portal/care-team-worklist/interaction-week4.spec.ts","Interaction - Week 4 RTM","","","should verify patient is listed in Week 4",""
"skipped","Wed May 13 07:15:00 UTC 2026","Wed May 13 07:15:00 UTC 2026","5","","admin-portal/Library/careplanCRUD.spec.ts","Admin Portal - Care Plan CRUD","","","CCM-6: Archive, view, unarchive, and delete care plan",""
"passed","Wed May 13 07:21:38 UTC 2026","Wed May 13 07:21:47 UTC 2026","9036","","provider-portal/patient-wallet/patient-monitoring.spec.ts","Patient Wallet - Patient Monitoring","","","should display New button and Text Message button",""
"passed","Wed May 13 07:29:50 UTC 2026","Wed May 13 07:30:35 UTC 2026","45000","","provider-portal/task/task-duedate-provider.spec.ts","Task - Due Date Provider Verification","","","AUT_TSK_126 - Task with due date is visible to assigned provider with correct date in task details",""
"failed","Wed May 13 07:28:15 UTC 2026","Wed May 13 07:28:24 UTC 2026","9129","","provider-portal/patient-wallet/patient-monitoring.spec.ts","Patient Wallet - Patient Monitoring","","","should display View All Data and Add Data links",""
"passed","Wed May 13 07:33:47 UTC 2026","Wed May 13 07:34:22 UTC 2026","35305","","provider-portal/task/task-reassignment.spec.ts","Task - Reassignment","","","AUT_TSK_081 - Verify reassignment validation - Provider selection is mandatory",""
"failed","Wed May 13 07:28:51 UTC 2026","Wed May 13 07:29:17 UTC 2026","25524","","provider-portal/patient-wallet/patient-monitoring.spec.ts","Patient Wallet - Patient Monitoring","","","should review a vital by clicking the review checkbox",""
"passed","Wed May 13 07:42:18 UTC 2026","Wed May 13 07:42:33 UTC 2026","15250","","provider-portal/settings/unity-users.spec.ts","Settings - Unity Users Tab","","","should add a new Unity User with mandatory fields",""
"passed","Wed May 13 07:20:16 UTC 2026","Wed May 13 07:20:41 UTC 2026","24949","","provider-portal/library/care-plan.spec.ts","Care Plan Flow","","","should only show selected sections in the wizard",""
"passed","Tue May 06 11:46:35 UTC 2025","Tue May 06 11:46:42 UTC 2025","6343","","provider-portal\enrollments.spec.ts","Provider Portal Enrollments","","","should navigate to enrollments and open add enrollment form",""
"passed","Wed May 13 07:29:13 UTC 2026","Wed May 13 07:29:20 UTC 2026","6484","","provider-portal/login.spec.ts","Provider Portal Login","","","should login to provider portal and navigate to work list",""
"passed","Wed May 13 07:44:28 UTC 2026","Wed May 13 07:45:03 UTC 2026","34398","","provider-portal/task/task-recurring.spec.ts","Task - Recurring Tasks","","","AUT_TSK_077 - Verify recurring task assigned to logged-in user appears under My Tasks",""
"passed","Wed May 13 07:16:02 UTC 2026","Wed May 13 07:16:13 UTC 2026","11061","","provider-portal/alerts/alerts.spec.ts","Alerts - Search Functionality","","","should show no results when searching with non-existent name",""
"passed","Wed May 13 08:06:34 UTC 2026","Wed May 13 08:06:46 UTC 2026","12130","","provider-portal/task/task-view-filter.spec.ts","Task - View, Filter, Sort, Search & Pagination","","","AUT_TSK_033 - should load more records on scroll (lazy loading)",""
"passed","Wed May 13 07:46:13 UTC 2026","Wed May 13 07:46:50 UTC 2026","37527","","provider-portal/enrollment/EnrollmentFilterScenarios.spec.ts","Enrollment Filter Scenarios","","","7. Verify filter combination: Date + Status + Program - Correct patients displayed",""
"passed","Wed May 13 07:26:57 UTC 2026","Wed May 13 07:27:33 UTC 2026","35776","","provider-portal/documents/documents-full-workflow.spec.ts","Document - Count Decrease on Delete","","","AUT_DOC_020 - Verify document removed from folder after deletion",""
"passed","Wed May 13 07:26:57 UTC 2026","Wed May 13 07:28:28 UTC 2026","91149","","provider-portal/alerts/alerts.spec.ts","Alerts - Cross-Feature Verification (Alerts ↔ Monitoring)","","","should reflect alert created on Alerts page in Monitoring summary",""
"passed","Wed May 13 07:29:20 UTC 2026","Wed May 13 07:29:33 UTC 2026","13223","","provider-portal/monitoring/monitoring-01-no-data.spec.ts","Monitoring - No Data","","","should display patients with no data for the selected date",""
"passed","Wed May 13 07:41:24 UTC 2026","Wed May 13 07:42:01 UTC 2026","37361","","provider-portal/task/task-recurring.spec.ts","Task - Recurring Tasks","","","AUT_TSK_072 - E2E Recurring Task Creation - Monthly recurrence",""
"passed","Wed May 13 08:06:22 UTC 2026","Wed May 13 08:06:34 UTC 2026","12183","","provider-portal/task/task-view-filter.spec.ts","Task - View, Filter, Sort, Search & Pagination","","","AUT_TSK_032 - should load initial batch of records on page load",""
"passed","Wed May 13 07:40:12 UTC 2026","Wed May 13 07:40:28 UTC 2026","15213","","provider-portal/monitoring/monitoring-03-alerts.spec.ts","Monitoring - Alerts","","","should filter Alerts list by care manager",""
"skipped","Wed May 13 07:48:45 UTC 2026","Wed May 13 07:48:45 UTC 2026","0","","provider-portal/patient-wallet/assessment-workflow.spec.ts","Patient Wallet - Assessment Workflow","","","AUT_ASM_004 - should complete an assigned assessment via the action menu Submit option",""
"passed","Wed May 13 07:40:31 UTC 2026","Wed May 13 07:40:44 UTC 2026","13095","","provider-portal/settings/profile.spec.ts","Settings - Profile Tab","","","should edit profile and verify changes reflect on profile page",""
"passed","Wed May 13 07:51:59 UTC 2026","Wed May 13 07:52:09 UTC 2026","9583","","provider-portal/global-features/search.spec.ts","Global Search","","","should display patient list when searching by first name",""
"passed","Wed May 13 07:28:08 UTC 2026","Wed May 13 07:28:17 UTC 2026","8183","","provider-portal/documents/documents-full-workflow.spec.ts","Document - Folder CRUD","","","AUT_DOC_017 - Verify folder create, update, delete capability",""
"passed","Wed May 13 07:35:51 UTC 2026","Wed May 13 07:36:02 UTC 2026","10378","","provider-portal/care-team-worklist/interaction-week1.spec.ts","Interaction - Week 1 RTM","","","should verify patient remains in Week 1 with partial activities",""
"passed","Wed May 13 07:44:07 UTC 2026","Wed May 13 07:44:30 UTC 2026","23401","","provider-portal/settings/unity-users.spec.ts","Settings - Unity Users Tab","","","should edit a Unity User and verify changes in list",""
"passed","Wed May 13 07:39:50 UTC 2026","Wed May 13 07:40:03 UTC 2026","13175","","provider-portal/documents/documents-full-workflow.spec.ts","Document - Mandatory Field Validation","","","AUT_DOC_007 - Verify mandatory field validation on document upload",""
"passed","Wed May 13 07:48:19 UTC 2026","Wed May 13 07:48:30 UTC 2026","11217","","provider-portal/task/task-reminder-notification.spec.ts","Task - Reminders & Notifications","","","AUT_TSK_056 - Verify reminder medium options - Email, Message, SMS available",""
"passed","Wed May 13 07:51:52 UTC 2026","Wed May 13 07:51:52 UTC 2026","2","","provider-portal/enrollment-billing/enrollment-billing-placeholder.spec.ts","Provider Portal - Enrollment Billing (placeholder)","","","module is present in the test tree",""
"passed","Wed May 13 08:01:12 UTC 2026","Wed May 13 08:01:35 UTC 2026","22751","","provider-portal/patient-wallet/care-plan-workflow.spec.ts","Patient Wallet - Care Plan Form Operations","","","AUT_CP_008 - should close the assign form on Cancel and preserve previously assigned data",""
"passed","Wed May 13 07:42:33 UTC 2026","Wed May 13 07:42:48 UTC 2026","14675","","provider-portal/settings/unity-users.spec.ts","Settings - Unity Users Tab","","","should prevent saving without mandatory fields",""
"passed","Wed May 13 07:33:22 UTC 2026","Wed May 13 07:34:00 UTC 2026","37323","","provider-portal/documents/documents-full-workflow.spec.ts","Document - Signature Required and Notes","","","AUT_DOC_025 - Verify signature required option and notes during document upload",""
"passed","Wed May 13 07:52:18 UTC 2026","Wed May 13 07:52:28 UTC 2026","9611","","provider-portal/global-features/search.spec.ts","Global Search","","","should find patient when searching by full name in lastname-firstname format",""
"passed","Wed May 13 07:29:18 UTC 2026","Wed May 13 07:29:43 UTC 2026","25252","","provider-portal/patient-wallet/patient-monitoring.spec.ts","Patient Wallet - Patient Monitoring","","","should verify reviewed vital shows checked state",""
"passed","Wed May 13 07:24:07 UTC 2026","Wed May 13 07:24:18 UTC 2026","11066","","provider-portal/documents/documents-full-workflow.spec.ts","Document - Consent Folder Defaults","","","AUT_DOC_011 - Verify Consent folder has default documents",""
"failed","Wed May 13 07:15:47 UTC 2026","Wed May 13 07:16:07 UTC 2026","20361","","provider-portal/patient-wallet/patient-chart.spec.ts","Provider Portal Patient Chart","","","should add vital, review it in work list and verify reviewed status",""
"passed","Wed May 13 07:19:59 UTC 2026","Wed May 13 07:20:16 UTC 2026","16738","","provider-portal/library/care-plan.spec.ts","Care Plan Flow","","","should show validation errors when mandatory fields are empty",""
"passed","Wed May 13 07:20:22 UTC 2026","Wed May 13 07:20:35 UTC 2026","12467","","provider-portal/alerts/alerts.spec.ts","Alerts - Patient Name Navigation","","","should navigate to patient chart when clicking patient name",""
"passed","Wed May 13 07:57:17 UTC 2026","Wed May 13 07:57:32 UTC 2026","14750","","provider-portal/library/assessment.spec.ts","Assessment Flow","","","should create assessment and verify it displays in provider portal library",""
"passed","Wed May 13 07:52:28 UTC 2026","Wed May 13 07:52:37 UTC 2026","9595","","provider-portal/global-features/search.spec.ts","Global Search","","","should display patient list when searching by date of birth",""
"passed","Wed May 13 07:52:57 UTC 2026","Wed May 13 07:53:09 UTC 2026","12250","","provider-portal/global-features/search.spec.ts","Global Search","","","should display No Option message when searching with invalid DOB",""
"failed","Wed May 13 07:47:09 UTC 2026","Wed May 13 07:47:35 UTC 2026","25982","","provider-portal/patient-wallet/assessment-workflow.spec.ts","Patient Wallet - Assessment Workflow","","","AUT_ASM_001 - should complete the full assessment workflow — submit, status turns green, completion date recorded",""
"passed","Wed May 13 07:16:41 UTC 2026","Wed May 13 07:16:53 UTC 2026","12002","","provider-portal/alerts/alerts.spec.ts","Alerts - Status Filter","","","should show all alerts including resolved when All filter is selected",""
"passed","Wed May 13 07:35:55 UTC 2026","Wed May 13 07:36:54 UTC 2026","58968","","provider-portal/task/task-reassignment.spec.ts","Task - Reassignment","","","AUT_TSK_084 - Verify task created with assignee appears under correct My Tasks worklist",""
"passed","Wed May 13 07:57:30 UTC 2026","Wed May 13 07:57:45 UTC 2026","14445","","provider-portal/task/task-view-filter.spec.ts","Task - View, Filter, Sort, Search & Pagination","","","AUT_TSK_014 - should show Done tasks when Done filter is selected",""
"passed","Wed May 13 07:16:13 UTC 2026","Wed May 13 07:16:28 UTC 2026","14602","","provider-portal/alerts/alerts.spec.ts","Alerts - Search Functionality","","","should restore all results when search is cleared",""
"passed","Wed May 13 07:40:08 UTC 2026","Wed May 13 07:40:31 UTC 2026","22877","","provider-portal/settings/profile.spec.ts","Settings - Profile Tab","","","should login successfully with new password after change",""
"failed","Wed May 13 07:38:09 UTC 2026","Wed May 13 07:39:23 UTC 2026","74611","","provider-portal/task/task-reassignment.spec.ts","Task - Reassignment","","","AUT_TSK_124 - Reassigned task: provider accounts + patient charting full verification",""
"passed","Wed May 13 07:17:14 UTC 2026","Wed May 13 07:17:24 UTC 2026","9385","","provider-portal/care-team-worklist/interaction.spec.ts","Interaction - RTM (Dynamic Week)","","","should complete Reach Out activity with time entry",""
"passed","Wed May 13 07:38:37 UTC 2026","Wed May 13 07:38:37 UTC 2026","9","","provider-portal/provider-worklist/provider-worklist-placeholder.spec.ts","Provider Portal - Provider Worklist (placeholder)","","","module is present in the test tree",""
"passed","Wed May 13 07:59:55 UTC 2026","Wed May 13 08:00:20 UTC 2026","25134","","provider-portal/library/assessment.spec.ts","Assessment Flow","","","should preserve questions after editing assessment title",""
"failed","Wed May 13 07:49:00 UTC 2026","Wed May 13 07:49:07 UTC 2026","7141","","provider-portal/enrollment/enrollments.spec.ts","Provider Portal Enrollments","","","should navigate to enrollments and open add enrollment form",""
"passed","Wed May 13 07:15:18 UTC 2026","Wed May 13 07:15:27 UTC 2026","9350","","provider-portal/patient-wallet/patient-chart.spec.ts","Provider Portal Patient Chart","","","should navigate to patient chart and verify patient name",""
"passed","Wed May 13 07:43:55 UTC 2026","Wed May 13 07:44:04 UTC 2026","8569","","provider-portal/enrollment/Closed-Enrollment.spec.ts","Provider Portal - Close Enrollment Tests","","","Verify Cancel button in Terminate Enrollment form closes form without terminating",""
"passed","Wed May 13 07:20:35 UTC 2026","Wed May 13 07:20:47 UTC 2026","12612","","provider-portal/alerts/alerts.spec.ts","Alerts - Patient Name Navigation","","","should navigate back to Alerts page after viewing patient chart",""
"passed","Wed May 13 07:59:52 UTC 2026","Wed May 13 08:00:11 UTC 2026","19098","","provider-portal/patient-wallet/care-plan-workflow.spec.ts","Patient Wallet - Care Plan Form Operations","","","AUT_CP_006 - should open the care plan form when ""Assign New Care Plan"" is clicked",""
"passed","Wed May 13 07:14:40 UTC 2026","Wed May 13 07:14:50 UTC 2026","9909","","provider-portal/task/task-add.spec.ts","Task - Add Task & Validations","","","AUT_TSK_001 - should navigate to Task page from sidebar",""
"skipped","Wed May 13 07:15:00 UTC 2026","Wed May 13 07:15:00 UTC 2026","3","","admin-portal/Library/careplanCRUD.spec.ts","Admin Portal - Care Plan CRUD","","","PCM-7: Create PCM care plan covering all question types",""
"passed","Wed May 13 08:03:58 UTC 2026","Wed May 13 08:04:33 UTC 2026","34066","","provider-portal/task/task-view-filter.spec.ts","Task - View, Filter, Sort, Search & Pagination","","","AUT_TSK_024 - should search tasks by task name",""
"passed","Wed May 13 07:42:48 UTC 2026","Wed May 13 07:43:03 UTC 2026","14873","","provider-portal/settings/unity-users.spec.ts","Settings - Unity Users Tab","","","should not create user when Add is cancelled",""
"passed","Wed May 13 07:24:36 UTC 2026","Wed May 13 07:25:44 UTC 2026","67983","","provider-portal/task/task-both-provider-patient.spec.ts","Task - Both Provider & Patient Charting Verification","","","AUT_TSK_122 - Task assigned to provider and linked to patient is visible in both provider Task section and patient charting",""
"passed","Wed May 13 07:26:20 UTC 2026","Wed May 13 07:26:57 UTC 2026","37140","","provider-portal/documents/documents-full-workflow.spec.ts","Document - Count Update on Assign","","","AUT_DOC_019 - Verify document count increases after upload and assignment",""
"passed","Wed May 13 07:58:34 UTC 2026","Wed May 13 07:58:56 UTC 2026","22174","","provider-portal/library/assessment.spec.ts","Assessment Flow","","","should cancel assessment edit and verify original data remains",""
"failed","Wed May 13 07:39:57 UTC 2026","Wed May 13 07:40:41 UTC 2026","44066","","provider-portal/care-team-worklist/interaction-week3.spec.ts","Interaction - Week 3 RTM","","","should verify patient is listed in Week 3",""
"passed","Wed May 13 07:21:28 UTC 2026","Wed May 13 07:21:38 UTC 2026","9593","","provider-portal/patient-wallet/patient-monitoring.spec.ts","Patient Wallet - Patient Monitoring","","","should type and submit a global comment",""
"passed","Wed May 13 07:48:49 UTC 2026","Wed May 13 07:48:59 UTC 2026","9911","","provider-portal/settings/unity-users.spec.ts","Settings - Unity Users Tab","","","should be able to determine total provider count from user list",""
"passed","Wed May 13 07:40:03 UTC 2026","Wed May 13 07:40:32 UTC 2026","28546","","provider-portal/documents/documents-full-workflow.spec.ts","Document - View and Download","","","AUT_DOC_012 - Verify document view and download workflow",""
"passed","Wed May 13 07:46:21 UTC 2026","Wed May 13 07:46:41 UTC 2026","20413","","provider-portal/settings/unity-users.spec.ts","Settings - Unity Users Tab","","","should deactivate a user by toggling status to Inactive",""
"passed","Wed May 13 07:34:59 UTC 2026","Wed May 13 07:35:10 UTC 2026","10889","","provider-portal/care-team-worklist/interaction-week1.spec.ts","Interaction - Week 1 RTM","","","should complete Bingo activity with manual time entry logged",""
"skipped","Wed May 13 07:15:00 UTC 2026","Wed May 13 07:15:00 UTC 2026","2","","admin-portal/Library/conditionCRUD.spec.ts","Admin Portal - ICD Code Condition Workflow","","","COND-1: Add a new Condition and verify in list",""
"failed","Wed May 13 07:25:02 UTC 2026","Wed May 13 07:25:11 UTC 2026","9107","","provider-portal/patient-wallet/patient-monitoring.spec.ts","Patient Wallet - Patient Monitoring","","","should display INTERACTIONS section heading",""
"passed","Wed May 13 07:17:46 UTC 2026","Wed May 13 07:18:03 UTC 2026","17020","","provider-portal/care-team-worklist/interaction.spec.ts","Interaction - RTM (Dynamic Week)","","","should verify cumulative time entries",""
"passed","Wed May 13 07:41:27 UTC 2026","Wed May 13 07:41:36 UTC 2026","8922","","provider-portal/settings/unity-users.spec.ts","Settings - Unity Users Tab","","","should navigate to Settings and land on Unity Users tab",""
"passed","Wed May 13 07:22:53 UTC 2026","Wed May 13 07:23:13 UTC 2026","19994","","provider-portal/library/care-plan.spec.ts","Care Plan Flow","","","should block creation of care plan with duplicate name",""
"passed","Wed May 13 07:42:24 UTC 2026","Wed May 13 07:43:52 UTC 2026","88052","","provider-portal/task/task-recurring.spec.ts","Task - Recurring Tasks","","","AUT_TSK_075 - Verify all recurring intervals create tasks successfully",""
"passed","Wed May 13 07:34:15 UTC 2026","Wed May 13 07:34:25 UTC 2026","9864","","provider-portal/documents/documents-full-workflow.spec.ts","Document - Tag Filter","","","AUT_DOC_018 - Verify tag filter options match available folders",""
"passed","Wed May 13 07:53:31 UTC 2026","Wed May 13 07:53:45 UTC 2026","14575","","provider-portal/global-features/search.spec.ts","Global Search","","","should close the dropdown and clear input when search is cleared",""
"passed","Wed May 13 07:45:12 UTC 2026","Wed May 13 07:45:35 UTC 2026","22963","","provider-portal/settings/unity-users.spec.ts","Settings - Unity Users Tab","","","should validate mandatory fields on Edit form",""
"passed","Wed May 13 07:35:10 UTC 2026","Wed May 13 07:35:20 UTC 2026","10410","","provider-portal/care-team-worklist/interaction-week1.spec.ts","Interaction - Week 1 RTM","","","should complete Exercise Program activity with manual time entry logged",""
"passed","Wed May 13 07:24:18 UTC 2026","Wed May 13 07:25:09 UTC 2026","50982","","provider-portal/documents/documents-full-workflow.spec.ts","Document - Upload and Assign Consistency","","","AUT_DOC_024 - Verify uploaded document and assigned document consistency",""
"passed","Wed May 13 08:05:34 UTC 2026","Wed May 13 08:05:47 UTC 2026","13383","","provider-portal/task/task-view-filter.spec.ts","Task - View, Filter, Sort, Search & Pagination","","","AUT_TSK_029 - should verify DUE DATE column displays valid date format",""
"passed","Wed May 13 07:36:02 UTC 2026","Wed May 13 07:36:12 UTC 2026","10427","","provider-portal/care-team-worklist/interaction-week1.spec.ts","Interaction - Week 1 RTM","","","should verify patient progresses to Week 2 after completing all Week 1 activities",""
"passed","Wed May 13 07:36:53 UTC 2026","Wed May 13 07:37:04 UTC 2026","10642","","provider-portal/care-team-worklist/interaction-week1.spec.ts","Interaction - Week 1 RTM","","","should filter Week 1 list by specific care manager",""
"passed","Wed May 13 07:53:21 UTC 2026","Wed May 13 07:53:31 UTC 2026","9280","","provider-portal/global-features/search.spec.ts","Global Search","","","should navigate to patient chart when selecting a patient from search results",""
"passed","Wed May 13 07:23:30 UTC 2026","Wed May 13 07:24:07 UTC 2026","36952","","provider-portal/documents/documents-full-workflow.spec.ts","Document Library - Assign & Patient Charting","","","AUT_DOC_004 - Upload document, assign to patient, verify in patient chart Documents section",""
"passed","Wed May 13 07:48:38 UTC 2026","Wed May 13 07:48:49 UTC 2026","10904","","provider-portal/settings/unity-users.spec.ts","Settings - Unity Users Tab","","","should display all users in a scrollable list",""
"passed","Wed May 13 07:36:43 UTC 2026","Wed May 13 07:36:53 UTC 2026","10245","","provider-portal/care-team-worklist/interaction-week1.spec.ts","Interaction - Week 1 RTM","","","should filter Week 1 list by All care managers",""
"passed","Wed May 13 07:23:45 UTC 2026","Wed May 13 07:25:19 UTC 2026","93647","","provider-portal/alerts/alerts.spec.ts","Alerts - End-to-End Flows","","","E2E: should create alert, resolve it, and verify resolved status",""
"passed","Wed May 13 07:15:49 UTC 2026","Wed May 13 07:16:02 UTC 2026","12929","","provider-portal/alerts/alerts.spec.ts","Alerts - Search Functionality","","","should filter alerts when searching by partial name",""
"passed","Wed May 13 08:07:37 UTC 2026","Wed May 13 08:08:24 UTC 2026","46473","","provider-portal/patient-wallet/care-plan-workflow.spec.ts","Patient Wallet - Care Plan Review, Progress & Export","","","AUT_CP_029 - should export the care plan report containing all care plan information",""
"passed","Wed May 13 07:23:14 UTC 2026","Wed May 13 07:23:49 UTC 2026","35308","","provider-portal/library/care-plan.spec.ts","Care Plan Flow","","","should save as draft from edit mode",""
"passed","Wed May 13 07:32:53 UTC 2026","Wed May 13 07:33:13 UTC 2026","19676","","provider-portal/monitoring/monitoring-02-data.spec.ts","Monitoring - Data Review","","","should review vitals from Action button",""
"passed","Wed May 13 07:20:02 UTC 2026","Wed May 13 07:20:22 UTC 2026","20633","","provider-portal/alerts/alerts.spec.ts","Alerts - Escalate to Provider","","","should show success message after escalation",""
"skipped","Wed May 13 07:40:41 UTC 2026","Wed May 13 07:40:41 UTC 2026","2","","provider-portal/care-team-worklist/interaction-week3.spec.ts","Interaction - Week 3 RTM","","","should send Text message to patient from Week 3",""
"passed","Wed May 13 07:35:20 UTC 2026","Wed May 13 07:35:30 UTC 2026","10334","","provider-portal/care-team-worklist/interaction-week1.spec.ts","Interaction - Week 1 RTM","","","should complete Meal Plan activity with manual time entry logged",""
"passed","Wed May 13 07:51:40 UTC 2026","Wed May 13 07:51:52 UTC 2026","12927","","provider-portal/enrollment/ReEnrollmentFlow.spec.ts","","","","Verify the Activate Enrollment flow - Closed patient directly moves to Active section once enrollment activation is done",""
"failed","Wed May 13 07:36:17 UTC 2026","Wed May 13 07:36:26 UTC 2026","9110","","provider-portal/patient-wallet/patient-monitoring.spec.ts","Patient Wallet - Patient Monitoring","","","should verify resolved alert reflects in Monitoring tab",""
"passed","Wed May 13 08:06:30 UTC 2026","Wed May 13 08:06:47 UTC 2026","17648","","provider-portal/patient-wallet/care-plan-workflow.spec.ts","Patient Wallet - Care Plan Review, Progress & Export","","","AUT_CP_024 - should expose All, Goals, Barriers and Interventions in the Type filter dropdown",""
"failed","Wed May 13 07:26:01 UTC 2026","Wed May 13 07:26:10 UTC 2026","9339","","provider-portal/patient-wallet/patient-monitoring.spec.ts","Patient Wallet - Patient Monitoring","","","should display Manual Time Entries button",""
"passed","Wed May 13 07:32:53 UTC 2026","Wed May 13 07:33:22 UTC 2026","29756","","provider-portal/documents/documents-full-workflow.spec.ts","Document - Search","","","AUT_DOC_013 - Verify document search by file name",""
"passed","Wed May 13 07:17:05 UTC 2026","Wed May 13 07:17:14 UTC 2026","9040","","provider-portal/care-team-worklist/interaction.spec.ts","Interaction - RTM (Dynamic Week)","","","should verify patient is listed in detected week",""
"passed","Wed May 13 07:16:03 UTC 2026","Wed May 13 07:16:13 UTC 2026","9973","","provider-portal/care-team-worklist/interaction-week4.spec.ts","Interaction - Week 4 RTM","","","should send Text message to patient from Week 4",""
"failed","Wed May 13 07:30:16 UTC 2026","Wed May 13 07:30:49 UTC 2026","32918","","provider-portal/patient-wallet/patient-monitoring.spec.ts","Patient Wallet - Patient Monitoring","","","should click vital action eye icon to view details",""
"passed","Wed May 13 07:49:47 UTC 2026","Wed May 13 07:51:26 UTC 2026","98791","","provider-portal/enrollment/Modify-EnrollmentFlow.spec.ts","Provider Portal - Modify Enrollment Tests","","","Verify modify enrollment - Change status from NEW to ACTIVE, changes reflected in Worklist and Enrollment List",""
"passed","Wed May 13 07:30:30 UTC 2026","Wed May 13 07:32:07 UTC 2026","96781","","provider-portal/alerts/alerts.spec.ts","Alerts - Escalated Provider Worklist Verification","","","should verify escalated provider receives escalation in Provider Worklist",""
"passed","Wed May 13 07:26:51 UTC 2026","Wed May 13 07:27:06 UTC 2026","14569","","provider-portal/library/template-crud.spec.ts","Template CRUD Flow","","","should delete template and verify it is removed from list",""
"passed","Wed May 13 07:35:41 UTC 2026","Wed May 13 07:35:55 UTC 2026","13573","","provider-portal/monitoring/monitoring-02-data.spec.ts","Monitoring - Data Review","","","should display pagination in Data list",""
"passed","Wed May 13 07:45:51 UTC 2026","Wed May 13 07:46:13 UTC 2026","21799","","provider-portal/enrollment/EnrollmentFilterScenarios.spec.ts","Enrollment Filter Scenarios","","","6. Verify filter combination: Status + Program - Correct patients displayed",""
"passed","Wed May 13 07:23:32 UTC 2026","Wed May 13 07:23:42 UTC 2026","9908","","provider-portal/patient-wallet/patient-monitoring.spec.ts","Patient Wallet - Patient Monitoring","","","should open Response Library dialog when clicked",""
"skipped","Wed May 13 07:15:00 UTC 2026","Wed May 13 07:15:00 UTC 2026","3","","admin-portal/Library/careplanCRUD.spec.ts","Admin Portal - Care Plan CRUD","","","PCM-4: Save as draft, verify status, edit and finish to make active",""
"passed","Wed May 13 07:16:32 UTC 2026","Wed May 13 07:17:29 UTC 2026","56473","","provider-portal/library/care-plan.spec.ts","Care Plan Flow","","","should create care plan covering all question types",""
"passed","Wed May 13 07:22:23 UTC 2026","Wed May 13 07:22:36 UTC 2026","13453","","provider-portal/task/task-add.spec.ts","Task - Add Task & Validations","","","AUT_TSK_014 - Verify date format - All dates display in MM/DD/YYYY format",""
"passed","Wed May 13 07:22:43 UTC 2026","Wed May 13 07:22:55 UTC 2026","12080","","provider-portal/patient-wallet/patient-monitoring.spec.ts","Patient Wallet - Patient Monitoring","","","should start timer when play button is clicked",""
"passed","Wed May 13 07:50:54 UTC 2026","Wed May 13 07:51:10 UTC 2026","15860","","provider-portal/task/task-reminder-notification.spec.ts","Task - Reminders & Notifications","","","AUT_TSK_060 - Verify task becomes OverDue when past due date",""
"passed","Wed May 13 07:34:43 UTC 2026","Wed May 13 07:35:00 UTC 2026","17363","","provider-portal/patient-wallet/patient-monitoring.spec.ts","Patient Wallet - Patient Monitoring","","","should click edit button and verify edit form opens",""
"passed","Wed May 13 07:45:07 UTC 2026","Wed May 13 07:45:29 UTC 2026","22729","","provider-portal/monitoring/monitoring-03-alerts.spec.ts","Monitoring - Alerts","","","should display previous resolution notes in View Resolved Note",""
"passed","Wed May 13 07:34:09 UTC 2026","Wed May 13 07:34:24 UTC 2026","15523","","provider-portal/monitoring/monitoring-02-data.spec.ts","Monitoring - Data Review","","","should display records in Number of Readings page",""
"passed","Wed May 13 08:05:33 UTC 2026","Wed May 13 08:05:50 UTC 2026","17735","","provider-portal/patient-wallet/care-plan-workflow.spec.ts","Patient Wallet - Care Plan Review, Progress & Export","","","AUT_CP_020 - should expose Goals, Barriers and Interventions categories under Care Plan Progress",""
"passed","Wed May 13 07:19:13 UTC 2026","Wed May 13 07:19:25 UTC 2026","11662","","provider-portal/alerts/alerts.spec.ts","Alerts - Resolve","","","should show Resolved By after resolving an alert",""
"passed","Wed May 13 08:03:38 UTC 2026","Wed May 13 08:03:55 UTC 2026","16846","","provider-portal/patient-wallet/care-plan-workflow.spec.ts","Patient Wallet - Care Plan Review, Progress & Export","","","AUT_CP_015 - should open the Close Care Plan (Review & Sign Off) page from the Review & Close button",""
"passed","Wed May 13 07:15:25 UTC 2026","Wed May 13 07:15:34 UTC 2026","9779","","provider-portal/alerts/alerts.spec.ts","Alerts - Navigation & Page Load","","","should display alerts data in the table",""
"passed","Wed May 13 07:45:41 UTC 2026","Wed May 13 07:45:53 UTC 2026","11192","","provider-portal/task/task-reminder-notification.spec.ts","Task - Reminders & Notifications","","","AUT_TSK_051 - Verify reminder interval options - Reminder Before dropdown has correct options",""
"passed","Wed May 13 07:23:05 UTC 2026","Wed May 13 07:23:14 UTC 2026","9155","","provider-portal/patient-wallet/patient-monitoring.spec.ts","Patient Wallet - Patient Monitoring","","","should stop timer when stop button is clicked",""
"passed","Wed May 13 07:31:26 UTC 2026","Wed May 13 07:31:40 UTC 2026","13516","","provider-portal/monitoring/monitoring-01-no-data.spec.ts","Monitoring - No Data","","","should display pagination and navigate between pages",""
"passed","Wed May 13 08:00:11 UTC 2026","Wed May 13 08:01:12 UTC 2026","60622","","provider-portal/patient-wallet/care-plan-workflow.spec.ts","Patient Wallet - Care Plan Form Operations","","","AUT_CP_007 - should persist a new care plan on Save and surface it in the review dropdown",""
"passed","Wed May 13 07:41:18 UTC 2026","Wed May 13 07:41:27 UTC 2026","8851","","provider-portal/settings/profile.spec.ts","Settings - Profile Tab","","","should auto-populate all fields when Edit Profile is opened",""
"passed","Wed May 13 07:15:00 UTC 2026","Wed May 13 07:15:03 UTC 2026","3001","","admin-portal/login.spec.ts","Admin Portal Login Tests","","","Successful login with valid credentials",""
"passed","Wed May 13 07:15:43 UTC 2026","Wed May 13 07:15:53 UTC 2026","10075","","provider-portal/care-team-worklist/interaction-week4.spec.ts","Interaction - Week 4 RTM","","","should verify monthly cycle completes after all Week 4 activities",""
"passed","Wed May 13 07:46:58 UTC 2026","Wed May 13 07:47:07 UTC 2026","9373","","provider-portal/enrollment/EnrollmentFormVerification.spec.ts","","","","Verify Add Insurance button opens insurance form and allows adding new insurance",""
"passed","Wed May 13 07:15:45 UTC 2026","Wed May 13 07:17:24 UTC 2026","99872","","provider-portal/task/task-add.spec.ts","Task - Add Task & Validations","","","AUT_TSK_005 - should create multiple tasks and verify alphabetical sort by Name",""
"passed","Wed May 13 07:34:22 UTC 2026","Wed May 13 07:35:08 UTC 2026","46007","","provider-portal/task/task-reassignment.spec.ts","Task - Reassignment","","","AUT_TSK_082 - Verify reassignment note requirement - Note field accepts text during edit",""
"passed","Wed May 13 07:18:13 UTC 2026","Wed May 13 07:18:26 UTC 2026","13494","","provider-portal/alerts/alerts.spec.ts","Alerts - Sorting","","","should sort alerts by Name ascending",""
"passed","Wed May 13 07:46:41 UTC 2026","Wed May 13 07:47:04 UTC 2026","22393","","provider-portal/settings/unity-users.spec.ts","Settings - Unity Users Tab","","","should reactivate a user by toggling status to Active",""
"passed","Wed May 13 07:35:56 UTC 2026","Wed May 13 07:37:04 UTC 2026","67985","","provider-portal/documents/documents-full-workflow.spec.ts","Document - Unarchive and Assign","","","AUT_DOC_022 - Unarchive document, assign to patient, verify in patient charting",""
"skipped","Wed May 13 07:15:00 UTC 2026","Wed May 13 07:15:00 UTC 2026","5","","admin-portal/Library/careplanCRUD.spec.ts","Admin Portal - Care Plan CRUD","","","CCM-7: Create care plan covering all question types",""
"passed","Wed May 13 07:38:51 UTC 2026","Wed May 13 07:38:58 UTC 2026","6975","","provider-portal/settings/profile.spec.ts","Settings - Profile Tab","","","should display all profile fields correctly",""
"passed","Wed May 13 07:22:25 UTC 2026","Wed May 13 07:22:34 UTC 2026","8911","","provider-portal/patient-wallet/patient-monitoring.spec.ts","Patient Wallet - Patient Monitoring","","","should display send icon that activates when message is typed",""
"passed","Wed May 13 07:42:34 UTC 2026","Wed May 13 07:42:54 UTC 2026","19836","","provider-portal/monitoring/monitoring-03-alerts.spec.ts","Monitoring - Alerts","","","should escalate alert to provider from Number of Alerts page",""
"passed","Wed May 13 08:01:35 UTC 2026","Wed May 13 08:01:59 UTC 2026","24046","","provider-portal/patient-wallet/care-plan-workflow.spec.ts","Patient Wallet - Care Plan Form Operations","","","AUT_CP_009 - should navigate back via the Previous button in the care plan wizard",""
"passed","Wed May 13 07:44:23 UTC 2026","Wed May 13 07:44:46 UTC 2026","22789","","provider-portal/monitoring/monitoring-03-alerts.spec.ts","Monitoring - Alerts","","","should display resolved alerts in green color",""
"passed","Wed May 13 07:24:05 UTC 2026","Wed May 13 07:24:15 UTC 2026","10371","","provider-portal/patient-wallet/patient-monitoring.spec.ts","Patient Wallet - Patient Monitoring","","","should open Assign Enrollment dialog when clicked",""
"skipped","Wed May 13 08:07:05 UTC 2026","Wed May 13 08:07:05 UTC 2026","0","","provider-portal/patient-wallet/care-plan-workflow.spec.ts","Patient Wallet - Care Plan Review, Progress & Export","","","AUT_CP_026 - should apply the month filter on the Care Plan Progress list",""
"passed","Wed May 13 07:29:53 UTC 2026","Wed May 13 07:30:19 UTC 2026","26380","","provider-portal/monitoring/monitoring-01-no-data.spec.ts","Monitoring - No Data","","","should send App chat to patient and verify count increments",""
"passed","Wed May 13 07:43:03 UTC 2026","Wed May 13 07:43:19 UTC 2026","15938","","provider-portal/settings/unity-users.spec.ts","Settings - Unity Users Tab","","","should validate email format on Add Unity User",""
"passed","Wed May 13 08:06:46 UTC 2026","Wed May 13 08:06:59 UTC 2026","13250","","provider-portal/task/task-view-filter.spec.ts","Task - View, Filter, Sort, Search & Pagination","","","AUT_TSK_034 - should show sequential row numbers in NO column",""
"skipped","Wed May 13 07:15:00 UTC 2026","Wed May 13 07:15:00 UTC 2026","1","","admin-portal/Library/conditionCRUD.spec.ts","Admin Portal - ICD Code Condition Workflow","","","COND-2: Edit Condition Name and Description, then verify",""
"failed","Wed May 13 07:25:36 UTC 2026","Wed May 13 07:25:51 UTC 2026","14230","","provider-portal/patient-wallet/patient-monitoring.spec.ts","Patient Wallet - Patient Monitoring","","","should display TOTAL TIME value",""
"passed","Wed May 13 07:17:48 UTC 2026","Wed May 13 07:19:36 UTC 2026","108833","","provider-portal/patient-wallet/patient-monitoring-workflow.spec.ts","Patient Wallet - Patient Monitoring Full Workflow","","","AUT_PT_MON_001 - Complete Patient Monitoring workflow (34 scenarios)",""
"passed","Wed May 13 07:29:33 UTC 2026","Wed May 13 07:30:29 UTC 2026","56410","","provider-portal/documents/documents-full-workflow.spec.ts","Document Library - Multi-Patient Assign","","","AUT_DOC_006 - Assign document to multiple patients and verify in each patient chart",""
"skipped","Wed May 13 07:40:41 UTC 2026","Wed May 13 07:40:41 UTC 2026","4","","provider-portal/care-team-worklist/interaction-week3.spec.ts","Interaction - Week 3 RTM","","","should complete Reach Out activity for Week 3 with time entry",""
"passed","Wed May 13 08:05:47 UTC 2026","Wed May 13 08:06:00 UTC 2026","12935","","provider-portal/task/task-view-filter.spec.ts","Task - View, Filter, Sort, Search & Pagination","","","AUT_TSK_030 - should verify TASK STATUS column displays valid status values",""
"passed","Wed May 13 07:31:58 UTC 2026","Wed May 13 07:32:10 UTC 2026","11647","","provider-portal/documents/documents-full-workflow.spec.ts","Document - Navigation","","","AUT_DOC_014 - Verify folder navigation and back action",""
"passed","Wed May 13 07:59:32 UTC 2026","Wed May 13 07:59:55 UTC 2026","22765","","provider-portal/library/assessment.spec.ts","Assessment Flow","","","should search and filter assessments by title",""
"failed","Wed May 13 07:14:57 UTC 2026","Wed May 13 07:15:17 UTC 2026","19539","","provider-portal/patient-wallet/patient-care-team-workflow.spec.ts","Patient Wallet - Care Team Full Workflow","","","AUT_PT_CT_001 - Complete Care Team workflow in patient chart (5 scenarios)",""
"passed","Wed May 13 07:51:53 UTC 2026","Wed May 13 07:51:59 UTC 2026","6661","","provider-portal/global-features/search.spec.ts","Global Search","","","should display the global search bar on the dashboard after login",""
"passed","Wed May 13 07:45:07 UTC 2026","Wed May 13 07:45:29 UTC 2026","21835","","provider-portal/enrollment/EnrollmentFilterScenarios.spec.ts","Enrollment Filter Scenarios","","","4. Verify filter combination: Date + Program - Correct patients displayed",""
"passed","Wed May 13 07:29:33 UTC 2026","Wed May 13 07:29:53 UTC 2026","19617","","provider-portal/monitoring/monitoring-01-no-data.spec.ts","Monitoring - No Data","","","should send SMS to patient and verify count increments",""
"skipped","Wed May 13 07:15:00 UTC 2026","Wed May 13 07:15:00 UTC 2026","4","","admin-portal/Library/careplanCRUD.spec.ts","Admin Portal - Care Plan CRUD","","","PCM-2: View care plan and scroll, then cancel preview",""
"passed","Wed May 13 07:20:41 UTC 2026","Wed May 13 07:21:08 UTC 2026","26999","","provider-portal/library/care-plan.spec.ts","Care Plan Flow","","","should search and filter care plans by title",""
"passed","Wed May 13 08:06:00 UTC 2026","Wed May 13 08:06:22 UTC 2026","21562","","provider-portal/task/task-view-filter.spec.ts","Task - View, Filter, Sort, Search & Pagination","","","AUT_TSK_031 - should verify TASK and PRIORITY columns are non-sortable",""
"passed","Wed May 13 07:15:11 UTC 2026","Wed May 13 07:15:45 UTC 2026","34034","","provider-portal/task/task-add.spec.ts","Task - Add Task & Validations","","","AUT_TSK_004 - should create a task and verify it appears in the task list after selecting All filter",""
"passed","Wed May 13 07:44:09 UTC 2026","Wed May 13 07:44:23 UTC 2026","14229","","provider-portal/monitoring/monitoring-03-alerts.spec.ts","Monitoring - Alerts","","","should resolve alert from Action button",""
"passed","Wed May 13 07:17:29 UTC 2026","Wed May 13 07:17:59 UTC 2026","29766","","provider-portal/library/care-plan.spec.ts","Care Plan Flow","","","should save care plan as draft and resume editing",""
"passed","Wed May 13 07:44:50 UTC 2026","Wed May 13 07:45:12 UTC 2026","22232","","provider-portal/settings/unity-users.spec.ts","Settings - Unity Users Tab","","","should not save changes when Edit is cancelled",""
"passed","Wed May 13 07:20:46 UTC 2026","Wed May 13 07:21:18 UTC 2026","32043","","provider-portal/task/task-add.spec.ts","Task - Add Task & Validations","","","AUT_TSK_008 - should create task assigned to logged-in user and verify under My Tasks",""
"passed","Wed May 13 07:33:00 UTC 2026","Wed May 13 07:33:47 UTC 2026","46876","","provider-portal/task/task-reassignment.spec.ts","Task - Reassignment","","","AUT_TSK_080 - E2E Task Reassignment - Reassign task to another provider with note",""
"passed","Wed May 13 07:19:58 UTC 2026","Wed May 13 07:21:51 UTC 2026","112896","","provider-portal/care-team-worklist/week-interaction.spec.ts","Provider Portal - Week Interaction","","","should verify newly enrolled patient appears in Week 1 after consent signature",""
"passed","Wed May 13 07:28:25 UTC 2026","Wed May 13 07:29:11 UTC 2026","45947","","provider-portal/task/task-delete.spec.ts","Task - Delete","","","AUT_TSK_110 - E2E Delete Task - Delete with confirmation, verify removed from list",""
"passed","Wed May 13 08:05:50 UTC 2026","Wed May 13 08:06:06 UTC 2026","16181","","provider-portal/patient-wallet/care-plan-workflow.spec.ts","Patient Wallet - Care Plan Review, Progress & Export","","","AUT_CP_021 - should render every required column in the Care Plan Progress list",""
"passed","Wed May 13 07:43:41 UTC 2026","Wed May 13 07:43:53 UTC 2026","12126","","provider-portal/settings/unity-users.spec.ts","Settings - Unity Users Tab","","","should open user profile when clicking user name link",""
"passed","Wed May 13 07:27:06 UTC 2026","Wed May 13 07:27:16 UTC 2026","10419","","provider-portal/library/template-crud.spec.ts","Template CRUD Flow","","","should cancel template creation and verify template is not saved",""
"passed","Wed May 13 07:56:44 UTC 2026","Wed May 13 07:57:16 UTC 2026","32066","","provider-portal/task/task-view-filter.spec.ts","Task - View, Filter, Sort, Search & Pagination","","","AUT_TSK_012 - should display only ToDo tasks with active task filter",""
"skipped","Wed May 13 08:03:37 UTC 2026","Wed May 13 08:03:37 UTC 2026","1","","provider-portal/patient-wallet/care-plan-workflow.spec.ts","Patient Wallet - Care Plan Form Operations","","","AUT_CP_014 - should discard modify changes when Cancel is clicked, leaving previous data intact",""
"passed","Wed May 13 07:52:47 UTC 2026","Wed May 13 07:52:57 UTC 2026","9762","","provider-portal/global-features/search.spec.ts","Global Search","","","should find patient when searching by full phone number",""
"passed","Wed May 13 07:29:11 UTC 2026","Wed May 13 07:29:50 UTC 2026","39225","","provider-portal/task/task-delete.spec.ts","Task - Delete","","","AUT_TSK_111 - Verify delete confirmation prompt displays before deletion",""
"passed","Wed May 13 07:16:23 UTC 2026","Wed May 13 07:16:33 UTC 2026","9914","","provider-portal/care-team-worklist/interaction-week4.spec.ts","Interaction - Week 4 RTM","","","should search for patient by name in Week 4 list",""
"passed","Wed May 13 07:37:04 UTC 2026","Wed May 13 07:37:14 UTC 2026","10273","","provider-portal/care-team-worklist/interaction-week2.spec.ts","Interaction - Week 2 RTM","","","should verify patient is listed in Week 2",""
"passed","Wed May 13 07:55:20 UTC 2026","Wed May 13 07:56:27 UTC 2026","66378","","provider-portal/task/task-status-update.spec.ts","Task - Status Update Verification","","","AUT_TSK_123 - Task status update (ToDo → Done) is reflected in both provider view and patient charting",""
"passed","Wed May 13 07:35:41 UTC 2026","Wed May 13 07:35:51 UTC 2026","10319","","provider-portal/care-team-worklist/interaction-week1.spec.ts","Interaction - Week 1 RTM","","","should verify total time logged displays in Patient Chart",""
"passed","Wed May 13 07:18:26 UTC 2026","Wed May 13 07:18:41 UTC 2026","15081","","provider-portal/alerts/alerts.spec.ts","Alerts - Sorting","","","should sort alerts by Name descending",""
"passed","Wed May 13 08:06:06 UTC 2026","Wed May 13 08:06:30 UTC 2026","23214","","provider-portal/patient-wallet/care-plan-workflow.spec.ts","Patient Wallet - Care Plan Review, Progress & Export","","","AUT_CP_022 - should record a progress update via Change Status, percentage and note, then display it in the list",""
"passed","Wed May 13 07:22:07 UTC 2026","Wed May 13 07:22:17 UTC 2026","9097","","provider-portal/patient-wallet/patient-monitoring.spec.ts","Patient Wallet - Patient Monitoring","","","should display ""No messages found"" when no messages exist",""
"passed","Wed May 13 07:37:04 UTC 2026","Wed May 13 07:37:19 UTC 2026","14146","","provider-portal/documents/documents-full-workflow.spec.ts","Document - Unsupported Format Validation","","","AUT_DOC_008 - Verify unsupported file format validation (.xlsx rejected)",""
"passed","Wed May 13 07:32:06 UTC 2026","Wed May 13 07:33:00 UTC 2026","53770","","provider-portal/task/task-patient-charting.spec.ts","Task - Patient Charting Verification","","","AUT_TSK_121 - Task with selected patient is displayed in Patient Charting section",""
"passed","Wed May 13 07:37:35 UTC 2026","Wed May 13 07:37:45 UTC 2026","10330","","provider-portal/care-team-worklist/interaction-week2.spec.ts","Interaction - Week 2 RTM","","","should verify multiple time entries are cumulative in Week 2",""
"passed","Wed May 13 07:24:44 UTC 2026","Wed May 13 07:24:53 UTC 2026","8813","","provider-portal/patient-wallet/patient-monitoring.spec.ts","Patient Wallet - Patient Monitoring","","","should display month selector with current month",""
"passed","Wed May 13 07:50:14 UTC 2026","Wed May 13 07:50:54 UTC 2026","40756","","provider-portal/task/task-reminder-notification.spec.ts","Task - Reminders & Notifications","","","AUT_TSK_059 - Verify task with reminder shows correct task details in list",""
"passed","Wed May 13 07:21:51 UTC 2026","Wed May 13 07:22:41 UTC 2026","49670","","provider-portal/documents/documents-full-workflow.spec.ts","Document - Archive Workflow","","","AUT_DOC_010 - Verify archive and Show Archived toggle",""
"skipped","Wed May 13 07:40:41 UTC 2026","Wed May 13 07:40:41 UTC 2026","2","","provider-portal/care-team-worklist/interaction-week3.spec.ts","Interaction - Week 3 RTM","","","should filter Week 3 list by care manager",""
"passed","Wed May 13 07:51:26 UTC 2026","Wed May 13 07:51:40 UTC 2026","13272","","provider-portal/enrollment/ReEnrollmentFlow.spec.ts","","","","Verify re-enrolled patient appears in Enrollment List with New status",""
"passed","Wed May 13 07:14:50 UTC 2026","Wed May 13 07:14:59 UTC 2026","9083","","provider-portal/task/task-add.spec.ts","Task - Add Task & Validations","","","AUT_TSK_002 - should display all required column headers in task list",""
"passed","Wed May 13 07:38:37 UTC 2026","Wed May 13 07:38:44 UTC 2026","6824","","provider-portal/settings/profile.spec.ts","Settings - Profile Tab","","","should navigate to Settings and land on Profile page",""
"passed","Wed May 13 07:15:33 UTC 2026","Wed May 13 07:15:43 UTC 2026","10211","","provider-portal/care-team-worklist/interaction-week4.spec.ts","Interaction - Week 4 RTM","","","should complete Won Bingo activity with time entry",""
"passed","Wed May 13 07:15:02 UTC 2026","Wed May 13 07:15:12 UTC 2026","10174","","provider-portal/care-team-worklist/interaction-week4.spec.ts","Interaction - Week 4 RTM","","","should complete Reach Out activity for Week 4 with time entry",""
"passed","Wed May 13 08:06:47 UTC 2026","Wed May 13 08:07:05 UTC 2026","17616","","provider-portal/patient-wallet/care-plan-workflow.spec.ts","Patient Wallet - Care Plan Review, Progress & Export","","","AUT_CP_025 - should expose Progress, No Progress and Regress in the Change Status dropdown",""
"passed","Wed May 13 07:57:55 UTC 2026","Wed May 13 07:58:16 UTC 2026","21090","","provider-portal/library/assessment.spec.ts","Assessment Flow","","","should delete assessment with confirmation",""
"passed","Wed May 13 08:04:47 UTC 2026","Wed May 13 08:05:06 UTC 2026","18830","","provider-portal/task/task-view-filter.spec.ts","Task - View, Filter, Sort, Search & Pagination","","","AUT_TSK_026 - should clear search and restore full task list",""
"passed","Wed May 13 07:39:33 UTC 2026","Wed May 13 07:39:43 UTC 2026","10210","","provider-portal/settings/profile.spec.ts","Settings - Profile Tab","","","should validate confirm password matches new password",""
"passed","Wed May 13 07:37:24 UTC 2026","Wed May 13 07:37:35 UTC 2026","10356","","provider-portal/care-team-worklist/interaction-week2.spec.ts","Interaction - Week 2 RTM","","","should verify patient progresses to Week 3 after completing Week 2 activities",""
"passed","Wed May 13 07:28:17 UTC 2026","Wed May 13 07:29:33 UTC 2026","75926","","provider-portal/documents/documents-full-workflow.spec.ts","Document Library - Multiple Format Upload","","","AUT_DOC_003 - Upload documents in multiple formats (PDF, DOC, DOCX, JPG, PNG, Excel) and verify all upload successfully",""
"skipped","Wed May 13 07:15:00 UTC 2026","Wed May 13 07:15:00 UTC 2026","5","","admin-portal/Library/careplanCRUD.spec.ts","Admin Portal - Care Plan CRUD","","","CCM-5: Delete care plan and verify not displayed",""
"passed","Wed May 13 07:19:12 UTC 2026","Wed May 13 07:19:24 UTC 2026","11775","","provider-portal/care-team-worklist/interaction.spec.ts","Interaction - RTM (Dynamic Week)","","","should filter by care manager",""
"passed","Wed May 13 07:35:24 UTC 2026","Wed May 13 07:35:41 UTC 2026","16887","","provider-portal/monitoring/monitoring-02-data.spec.ts","Monitoring - Data Review","","","should filter Data list by care manager",""
"passed","Wed May 13 07:45:53 UTC 2026","Wed May 13 07:46:30 UTC 2026","37270","","provider-portal/task/task-reminder-notification.spec.ts","Task - Reminders & Notifications","","","AUT_TSK_052 - Verify reminder triggers with 5 Days before due date",""
"passed","Wed May 13 07:39:03 UTC 2026","Wed May 13 07:39:16 UTC 2026","13241","","provider-portal/monitoring/monitoring-03-alerts.spec.ts","Monitoring - Alerts","","","should search for a patient by name in Alerts list",""
